spectrum_id,name,category,description,source,saved_utc,archived,band_index,band_center_nm,reflectance,valid,source_id,standard_deviation,contributors
demo-0,Meadow grass,Vegetation,Illustrative synthetic spectrum. Not a measured material signature.,HELMET synthetic collection,,0,0,420.0,0.045006686538766424,1,,,[]
demo-0,Meadow grass,Vegetation,Illustrative synthetic spectrum. Not a measured material signature.,HELMET synthetic collection,,0,1,435.98425196850394,0.04501183368987198,1,,,[]
demo-0,Meadow grass,Vegetation,Illustrative synthetic spectrum. Not a measured material signature.,HELMET synthetic collection,,0,2,451.9685039370079,0.0450209428121976,1,,,[]
demo-0,Meadow grass,Vegetation,Illustrative synthetic spectrum. Not a measured material signature.,HELMET synthetic collection,,0,3,467.9527559055118,0.04503706318445852,1,,,[]
demo-0,Meadow grass,Vegetation,Illustrative synthetic spectrum. Not a measured material signature.,HELMET synthetic collection,,0,4,483.93700787401576,0.0450655900453385,1,,,[]
demo-0,Meadow grass,Vegetation,Illustrative synthetic spectrum. Not a measured material signature.,HELMET synthetic collection,,0,5,499.9212598425197,0.045116067586519606,1,,,[]
demo-0,Meadow grass,Vegetation,Illustrative synthetic spectrum. Not a measured material signature.,HELMET synthetic collection,,0,6,515.9055118110236,0.04520537365747356,1,,,[]
demo-0,Meadow grass,Vegetation,Illustrative synthetic spectrum. Not a measured material signature.,HELMET synthetic collection,,0,7,531.8897637795276,0.04536333656551299,1,,,[]
demo-0,Meadow grass,Vegetation,Illustrative synthetic spectrum. Not a measured material signature.,HELMET synthetic collection,,0,8,547.8740157480315,0.04564261480090866,1,,,[]
demo-0,Meadow grass,Vegetation,Illustrative synthetic spectrum. Not a measured material signature.,HELMET synthetic collection,,0,9,563.8582677165355,0.04613599233666373,1,,,[]
demo-0,Meadow grass,Vegetation,Illustrative synthetic spectrum. Not a measured material signature.,HELMET synthetic collection,,0,10,579.8425196850394,0.04700639803618717,1,,,[]
demo-0,Meadow grass,Vegetation,Illustrative synthetic spectrum. Not a measured material signature.,HELMET synthetic collection,,0,11,595.8267716535433,0.04853821284699117,1,,,[]
demo-0,Meadow grass,Vegetation,Illustrative synthetic spectrum. Not a measured material signature.,HELMET synthetic collection,,0,12,611.8110236220473,0.051222511819969924,1,,,[]
demo-0,Meadow grass,Vegetation,Illustrative synthetic spectrum. Not a measured material signature.,HELMET synthetic collection,,0,13,627.7952755905512,0.05589127111735438,1,,,[]
demo-0,Meadow grass,Vegetation,Illustrative synthetic spectrum. Not a measured material signature.,HELMET synthetic collection,,0,14,643.7795275590552,0.06390672263502659,1,,,[]
demo-0,Meadow grass,Vegetation,Illustrative synthetic spectrum. Not a measured material signature.,HELMET synthetic collection,,0,15,659.7637795275591,0.07736561240097853,1,,,[]
demo-0,Meadow grass,Vegetation,Illustrative synthetic spectrum. Not a measured material signature.,HELMET synthetic collection,,0,16,675.748031496063,0.09914346159909868,1,,,[]
demo-0,Meadow grass,Vegetation,Illustrative synthetic spectrum. Not a measured material signature.,HELMET synthetic collection,,0,17,691.732283464567,0.13235573004957074,1,,,[]
demo-0,Meadow grass,Vegetation,Illustrative synthetic spectrum. Not a measured material signature.,HELMET synthetic collection,,0,18,707.7165354330709,0.17869409925349294,1,,,[]
demo-0,Meadow grass,Vegetation,Illustrative synthetic spectrum. Not a measured material signature.,HELMET synthetic collection,,0,19,723.7007874015749,0.23591701219005853,1,,,[]
demo-0,Meadow grass,Vegetation,Illustrative synthetic spectrum. Not a measured material signature.,HELMET synthetic collection,,0,20,739.6850393700788,0.29681728612581293,1,,,[]
demo-0,Meadow grass,Vegetation,Illustrative synthetic spectrum. Not a measured material signature.,HELMET synthetic collection,,0,21,755.6692913385828,0.35218406920298556,1,,,[]
demo-0,Meadow grass,Vegetation,Illustrative synthetic spectrum. Not a measured material signature.,HELMET synthetic collection,,0,22,771.6535433070867,0.39576035806657733,1,,,[]
demo-0,Meadow grass,Vegetation,Illustrative synthetic spectrum. Not a measured material signature.,HELMET synthetic collection,,0,23,787.6377952755906,0.4263252680454106,1,,,[]
demo-0,Meadow grass,Vegetation,Illustrative synthetic spectrum. Not a measured material signature.,HELMET synthetic collection,,0,24,803.6220472440945,0.4460727514915886,1,,,[]
demo-0,Meadow grass,Vegetation,Illustrative synthetic spectrum. Not a measured material signature.,HELMET synthetic collection,,0,25,819.6062992125984,0.45816237923844166,1,,,[]
demo-0,Meadow grass,Vegetation,Illustrative synthetic spectrum. Not a measured material signature.,HELMET synthetic collection,,0,26,835.5905511811023,0.4653212932779139,1,,,[]
demo-0,Meadow grass,Vegetation,Illustrative synthetic spectrum. Not a measured material signature.,HELMET synthetic collection,,0,27,851.5748031496063,0.4694771124365016,1,,,[]
demo-0,Meadow grass,Vegetation,Illustrative synthetic spectrum. Not a measured material signature.,HELMET synthetic collection,,0,28,867.5590551181102,0.47186183886032984,1,,,[]
demo-0,Meadow grass,Vegetation,Illustrative synthetic spectrum. Not a measured material signature.,HELMET synthetic collection,,0,29,883.5433070866142,0.47322117983608636,1,,,[]
demo-0,Meadow grass,Vegetation,Illustrative synthetic spectrum. Not a measured material signature.,HELMET synthetic collection,,0,30,899.5275590551181,0.47399309100780584,1,,,[]
demo-0,Meadow grass,Vegetation,Illustrative synthetic spectrum. Not a measured material signature.,HELMET synthetic collection,,0,31,915.511811023622,0.47443047999175464,1,,,[]
demo-0,Meadow grass,Vegetation,Illustrative synthetic spectrum. Not a measured material signature.,HELMET synthetic collection,,0,32,931.496062992126,0.4746780144081075,1,,,[]
demo-0,Meadow grass,Vegetation,Illustrative synthetic spectrum. Not a measured material signature.,HELMET synthetic collection,,0,33,947.4803149606299,0.4748180045967742,1,,,[]
demo-0,Meadow grass,Vegetation,Illustrative synthetic spectrum. Not a measured material signature.,HELMET synthetic collection,,0,34,963.4645669291339,0.47489713904566133,1,,,[]
demo-0,Meadow grass,Vegetation,Illustrative synthetic spectrum. Not a measured material signature.,HELMET synthetic collection,,0,35,979.4488188976378,0.4749418506835145,1,,,[]
demo-0,Meadow grass,Vegetation,Illustrative synthetic spectrum. Not a measured material signature.,HELMET synthetic collection,,0,36,995.4330708661417,0.47496707778540165,1,,,[]
demo-0,Meadow grass,Vegetation,Illustrative synthetic spectrum. Not a measured material signature.,HELMET synthetic collection,,0,37,1011.4173228346457,0.47498122727229436,1,,,[]
demo-0,Meadow grass,Vegetation,Illustrative synthetic spectrum. Not a measured material signature.,HELMET synthetic collection,,0,38,1027.4015748031497,0.47498895634984095,1,,,[]
demo-0,Meadow grass,Vegetation,Illustrative synthetic spectrum. Not a measured material signature.,HELMET synthetic collection,,0,39,1043.3858267716537,0.47499267930229827,1,,,[]
demo-0,Meadow grass,Vegetation,Illustrative synthetic spectrum. Not a measured material signature.,HELMET synthetic collection,,0,40,1059.3700787401576,0.4749932808263681,1,,,[]
demo-0,Meadow grass,Vegetation,Illustrative synthetic spectrum. Not a measured material signature.,HELMET synthetic collection,,0,41,1075.3543307086616,0.474990247938584,1,,,[]
demo-0,Meadow grass,Vegetation,Illustrative synthetic spectrum. Not a measured material signature.,HELMET synthetic collection,,0,42,1091.3385826771655,0.47498124104188366,1,,,[]
demo-0,Meadow grass,Vegetation,Illustrative synthetic spectrum. Not a measured material signature.,HELMET synthetic collection,,0,43,1107.3228346456694,0.4749609671622779,1,,,[]
demo-0,Meadow grass,Vegetation,Illustrative synthetic spectrum. Not a measured material signature.,HELMET synthetic collection,,0,44,1123.3070866141734,0.4749190786913631,1,,,[]
demo-0,Meadow grass,Vegetation,Illustrative synthetic spectrum. Not a measured material signature.,HELMET synthetic collection,,0,45,1139.2913385826773,0.4748367126515169,1,,,[]
demo-0,Meadow grass,Vegetation,Illustrative synthetic spectrum. Not a measured material signature.,HELMET synthetic collection,,0,46,1155.2755905511813,0.47468125615025186,1,,,[]
demo-0,Meadow grass,Vegetation,Illustrative synthetic spectrum. Not a measured material signature.,HELMET synthetic collection,,0,47,1171.2598425196852,0.47439905612068023,1,,,[]
demo-0,Meadow grass,Vegetation,Illustrative synthetic spectrum. Not a measured material signature.,HELMET synthetic collection,,0,48,1187.244094488189,0.4739061910875266,1,,,[]
demo-0,Meadow grass,Vegetation,Illustrative synthetic spectrum. Not a measured material signature.,HELMET synthetic collection,,0,49,1203.2283464566929,0.4730781811233657,1,,,[]
demo-0,Meadow grass,Vegetation,Illustrative synthetic spectrum. Not a measured material signature.,HELMET synthetic collection,,0,50,1219.2125984251968,0.47174064238756647,1,,,[]
demo-0,Meadow grass,Vegetation,Illustrative synthetic spectrum. Not a measured material signature.,HELMET synthetic collection,,0,51,1235.1968503937007,0.4696642468324342,1,,,[]
demo-0,Meadow grass,Vegetation,Illustrative synthetic spectrum. Not a measured material signature.,HELMET synthetic collection,,0,52,1251.1811023622047,0.46656854987614654,1,,,[]
demo-0,Meadow grass,Vegetation,Illustrative synthetic spectrum. Not a measured material signature.,HELMET synthetic collection,,0,53,1267.1653543307086,0.4621396955734834,1,,,[]
demo-0,Meadow grass,Vegetation,Illustrative synthetic spectrum. Not a measured material signature.,HELMET synthetic collection,,0,54,1283.1496062992126,0.45606599180619817,1,,,[]
demo-0,Meadow grass,Vegetation,Illustrative synthetic spectrum. Not a measured material signature.,HELMET synthetic collection,,0,55,1299.1338582677165,0.4480923209529379,1,,,[]
demo-0,Meadow grass,Vegetation,Illustrative synthetic spectrum. Not a measured material signature.,HELMET synthetic collection,,0,56,1315.1181102362204,0.4380892907535696,1,,,[]
demo-0,Meadow grass,Vegetation,Illustrative synthetic spectrum. Not a measured material signature.,HELMET synthetic collection,,0,57,1331.1023622047244,0.4261267509525479,1,,,[]
demo-0,Meadow grass,Vegetation,Illustrative synthetic spectrum. Not a measured material signature.,HELMET synthetic collection,,0,58,1347.0866141732283,0.41253553336229404,1,,,[]
demo-0,Meadow grass,Vegetation,Illustrative synthetic spectrum. Not a measured material signature.,HELMET synthetic collection,,0,59,1363.0708661417323,,0,,,[]
demo-0,Meadow grass,Vegetation,Illustrative synthetic spectrum. Not a measured material signature.,HELMET synthetic collection,,0,60,1379.0551181102362,,0,,,[]
demo-0,Meadow grass,Vegetation,Illustrative synthetic spectrum. Not a measured material signature.,HELMET synthetic collection,,0,61,1395.0393700787401,,0,,,[]
demo-0,Meadow grass,Vegetation,Illustrative synthetic spectrum. Not a measured material signature.,HELMET synthetic collection,,0,62,1411.023622047244,,0,,,[]
demo-0,Meadow grass,Vegetation,Illustrative synthetic spectrum. Not a measured material signature.,HELMET synthetic collection,,0,63,1427.007874015748,,0,,,[]
demo-0,Meadow grass,Vegetation,Illustrative synthetic spectrum. Not a measured material signature.,HELMET synthetic collection,,0,64,1442.992125984252,,0,,,[]
demo-0,Meadow grass,Vegetation,Illustrative synthetic spectrum. Not a measured material signature.,HELMET synthetic collection,,0,65,1458.976377952756,0.34565804258306265,1,,,[]
demo-0,Meadow grass,Vegetation,Illustrative synthetic spectrum. Not a measured material signature.,HELMET synthetic collection,,0,66,1474.9606299212599,0.3503764061540367,1,,,[]
demo-0,Meadow grass,Vegetation,Illustrative synthetic spectrum. Not a measured material signature.,HELMET synthetic collection,,0,67,1490.9448818897638,0.35905843405742227,1,,,[]
demo-0,Meadow grass,Vegetation,Illustrative synthetic spectrum. Not a measured material signature.,HELMET synthetic collection,,0,68,1506.9291338582677,0.3708216487869833,1,,,[]
demo-0,Meadow grass,Vegetation,Illustrative synthetic spectrum. Not a measured material signature.,HELMET synthetic collection,,0,69,1522.9133858267717,0.38454089747457737,1,,,[]
demo-0,Meadow grass,Vegetation,Illustrative synthetic spectrum. Not a measured material signature.,HELMET synthetic collection,,0,70,1538.8976377952756,0.39901426030145143,1,,,[]
demo-0,Meadow grass,Vegetation,Illustrative synthetic spectrum. Not a measured material signature.,HELMET synthetic collection,,0,71,1554.8818897637796,0.4131198922696085,1,,,[]
demo-0,Meadow grass,Vegetation,Illustrative synthetic spectrum. Not a measured material signature.,HELMET synthetic collection,,0,72,1570.8661417322835,0.425934690129024,1,,,[]
demo-0,Meadow grass,Vegetation,Illustrative synthetic spectrum. Not a measured material signature.,HELMET synthetic collection,,0,73,1586.8503937007874,0.436798373982265,1,,,[]
demo-0,Meadow grass,Vegetation,Illustrative synthetic spectrum. Not a measured material signature.,HELMET synthetic collection,,0,74,1602.8346456692914,0.44532138601140775,1,,,[]
demo-0,Meadow grass,Vegetation,Illustrative synthetic spectrum. Not a measured material signature.,HELMET synthetic collection,,0,75,1618.8188976377953,0.45134753381124015,1,,,[]
demo-0,Meadow grass,Vegetation,Illustrative synthetic spectrum. Not a measured material signature.,HELMET synthetic collection,,0,76,1634.8031496062993,0.4548896450704426,1,,,[]
demo-0,Meadow grass,Vegetation,Illustrative synthetic spectrum. Not a measured material signature.,HELMET synthetic collection,,0,77,1650.7874015748032,0.456057894245594,1,,,[]
demo-0,Meadow grass,Vegetation,Illustrative synthetic spectrum. Not a measured material signature.,HELMET synthetic collection,,0,78,1666.7716535433071,0.4549970361155724,1,,,[]
demo-0,Meadow grass,Vegetation,Illustrative synthetic spectrum. Not a measured material signature.,HELMET synthetic collection,,0,79,1682.755905511811,0.45184270549932815,1,,,[]
demo-0,Meadow grass,Vegetation,Illustrative synthetic spectrum. Not a measured material signature.,HELMET synthetic collection,,0,80,1698.740157480315,0.44670046334030794,1,,,[]
demo-0,Meadow grass,Vegetation,Illustrative synthetic spectrum. Not a measured material signature.,HELMET synthetic collection,,0,81,1714.724409448819,0.4396460048511816,1,,,[]
demo-0,Meadow grass,Vegetation,Illustrative synthetic spectrum. Not a measured material signature.,HELMET synthetic collection,,0,82,1730.708661417323,0.4307416174584733,1,,,[]
demo-0,Meadow grass,Vegetation,Illustrative synthetic spectrum. Not a measured material signature.,HELMET synthetic collection,,0,83,1746.6929133858268,0.4200625325345137,1,,,[]
demo-0,Meadow grass,Vegetation,Illustrative synthetic spectrum. Not a measured material signature.,HELMET synthetic collection,,0,84,1762.6771653543308,0.40772676031650545,1,,,[]
demo-0,Meadow grass,Vegetation,Illustrative synthetic spectrum. Not a measured material signature.,HELMET synthetic collection,,0,85,1778.6614173228347,0.3939227408155126,1,,,[]
demo-0,Meadow grass,Vegetation,Illustrative synthetic spectrum. Not a measured material signature.,HELMET synthetic collection,,0,86,1794.6456692913387,0.37893023042141133,1,,,[]
demo-0,Meadow grass,Vegetation,Illustrative synthetic spectrum. Not a measured material signature.,HELMET synthetic collection,,0,87,1810.6299212598426,,0,,,[]
demo-0,Meadow grass,Vegetation,Illustrative synthetic spectrum. Not a measured material signature.,HELMET synthetic collection,,0,88,1826.6141732283465,,0,,,[]
demo-0,Meadow grass,Vegetation,Illustrative synthetic spectrum. Not a measured material signature.,HELMET synthetic collection,,0,89,1842.5984251968505,,0,,,[]
demo-0,Meadow grass,Vegetation,Illustrative synthetic spectrum. Not a measured material signature.,HELMET synthetic collection,,0,90,1858.5826771653544,,0,,,[]
demo-0,Meadow grass,Vegetation,Illustrative synthetic spectrum. Not a measured material signature.,HELMET synthetic collection,,0,91,1874.5669291338584,,0,,,[]
demo-0,Meadow grass,Vegetation,Illustrative synthetic spectrum. Not a measured material signature.,HELMET synthetic collection,,0,92,1890.5511811023623,,0,,,[]
demo-0,Meadow grass,Vegetation,Illustrative synthetic spectrum. Not a measured material signature.,HELMET synthetic collection,,0,93,1906.5354330708662,,0,,,[]
demo-0,Meadow grass,Vegetation,Illustrative synthetic spectrum. Not a measured material signature.,HELMET synthetic collection,,0,94,1922.5196850393702,,0,,,[]
demo-0,Meadow grass,Vegetation,Illustrative synthetic spectrum. Not a measured material signature.,HELMET synthetic collection,,0,95,1938.5039370078741,,0,,,[]
demo-0,Meadow grass,Vegetation,Illustrative synthetic spectrum. Not a measured material signature.,HELMET synthetic collection,,0,96,1954.4881889763778,0.2764523896077155,1,,,[]
demo-0,Meadow grass,Vegetation,Illustrative synthetic spectrum. Not a measured material signature.,HELMET synthetic collection,,0,97,1970.4724409448818,0.28134555307722453,1,,,[]
demo-0,Meadow grass,Vegetation,Illustrative synthetic spectrum. Not a measured material signature.,HELMET synthetic collection,,0,98,1986.4566929133857,0.2894398619592763,1,,,[]
demo-0,Meadow grass,Vegetation,Illustrative synthetic spectrum. Not a measured material signature.,HELMET synthetic collection,,0,99,2002.4409448818897,0.3003227682371493,1,,,[]
demo-0,Meadow grass,Vegetation,Illustrative synthetic spectrum. Not a measured material signature.,HELMET synthetic collection,,0,100,2018.4251968503936,0.313459168136063,1,,,[]
demo-0,Meadow grass,Vegetation,Illustrative synthetic spectrum. Not a measured material signature.,HELMET synthetic collection,,0,101,2034.4094488188975,0.3282349220851825,1,,,[]
demo-0,Meadow grass,Vegetation,Illustrative synthetic spectrum. Not a measured material signature.,HELMET synthetic collection,,0,102,2050.3937007874015,0.34400414792528533,1,,,[]
demo-0,Meadow grass,Vegetation,Illustrative synthetic spectrum. Not a measured material signature.,HELMET synthetic collection,,0,103,2066.3779527559054,0.3601352533707608,1,,,[]
demo-0,Meadow grass,Vegetation,Illustrative synthetic spectrum. Not a measured material signature.,HELMET synthetic collection,,0,104,2082.3622047244094,0.37605123594778084,1,,,[]
demo-0,Meadow grass,Vegetation,Illustrative synthetic spectrum. Not a measured material signature.,HELMET synthetic collection,,0,105,2098.3464566929133,0.39126088070647447,1,,,[]
demo-0,Meadow grass,Vegetation,Illustrative synthetic spectrum. Not a measured material signature.,HELMET synthetic collection,,0,106,2114.3307086614172,0.405378912271937,1,,,[]
demo-0,Meadow grass,Vegetation,Illustrative synthetic spectrum. Not a measured material signature.,HELMET synthetic collection,,0,107,2130.314960629921,0.41813466269262783,1,,,[]
demo-0,Meadow grass,Vegetation,Illustrative synthetic spectrum. Not a measured material signature.,HELMET synthetic collection,,0,108,2146.299212598425,0.42937017164515884,1,,,[]
demo-0,Meadow grass,Vegetation,Illustrative synthetic spectrum. Not a measured material signature.,HELMET synthetic collection,,0,109,2162.283464566929,0.4390296676322555,1,,,[]
demo-0,Meadow grass,Vegetation,Illustrative synthetic spectrum. Not a measured material signature.,HELMET synthetic collection,,0,110,2178.267716535433,0.4471429921532068,1,,,[]
demo-0,Meadow grass,Vegetation,Illustrative synthetic spectrum. Not a measured material signature.,HELMET synthetic collection,,0,111,2194.251968503937,0.45380570951276544,1,,,[]
demo-0,Meadow grass,Vegetation,Illustrative synthetic spectrum. Not a measured material signature.,HELMET synthetic collection,,0,112,2210.236220472441,0.4591584490486894,1,,,[]
demo-0,Meadow grass,Vegetation,Illustrative synthetic spectrum. Not a measured material signature.,HELMET synthetic collection,,0,113,2226.220472440945,0.4633675574935498,1,,,[]
demo-0,Meadow grass,Vegetation,Illustrative synthetic spectrum. Not a measured material signature.,HELMET synthetic collection,,0,114,2242.2047244094488,0.46660852063352837,1,,,[]
demo-0,Meadow grass,Vegetation,Illustrative synthetic spectrum. Not a measured material signature.,HELMET synthetic collection,,0,115,2258.1889763779527,0.46905296427344095,1,,,[]
demo-0,Meadow grass,Vegetation,Illustrative synthetic spectrum. Not a measured material signature.,HELMET synthetic collection,,0,116,2274.1732283464567,0.47085946019457536,1,,,[]
demo-0,Meadow grass,Vegetation,Illustrative synthetic spectrum. Not a measured material signature.,HELMET synthetic collection,,0,117,2290.1574803149606,0.47216790523732327,1,,,[]
demo-0,Meadow grass,Vegetation,Illustrative synthetic spectrum. Not a measured material signature.,HELMET synthetic collection,,0,118,2306.1417322834645,0.4730969377356228,1,,,[]
demo-0,Meadow grass,Vegetation,Illustrative synthetic spectrum. Not a measured material signature.,HELMET synthetic collection,,0,119,2322.1259842519685,0.4737437021550397,1,,,[]
demo-0,Meadow grass,Vegetation,Illustrative synthetic spectrum. Not a measured material signature.,HELMET synthetic collection,,0,120,2338.1102362204724,0.47418524575487325,1,,,[]
demo-0,Meadow grass,Vegetation,Illustrative synthetic spectrum. Not a measured material signature.,HELMET synthetic collection,,0,121,2354.0944881889764,0.47448089519453235,1,,,[]
demo-0,Meadow grass,Vegetation,Illustrative synthetic spectrum. Not a measured material signature.,HELMET synthetic collection,,0,122,2370.0787401574803,0.4746750789360188,1,,,[]
demo-0,Meadow grass,Vegetation,Illustrative synthetic spectrum. Not a measured material signature.,HELMET synthetic collection,,0,123,2386.0629921259842,0.4748002001838443,1,,,[]
demo-0,Meadow grass,Vegetation,Illustrative synthetic spectrum. Not a measured material signature.,HELMET synthetic collection,,0,124,2402.047244094488,0.47487930015788815,1,,,[]
demo-0,Meadow grass,Vegetation,Illustrative synthetic spectrum. Not a measured material signature.,HELMET synthetic collection,,0,125,2418.031496062992,0.47492836706927566,1,,,[]
demo-0,Meadow grass,Vegetation,Illustrative synthetic spectrum. Not a measured material signature.,HELMET synthetic collection,,0,126,2434.015748031496,0.47495823493728895,1,,,[]
demo-0,Meadow grass,Vegetation,Illustrative synthetic spectrum. Not a measured material signature.,HELMET synthetic collection,,0,127,2450.0,0.4749760774232838,1,,,[]
demo-1,Dry mineral soil,Soil,Illustrative synthetic spectrum. Not a measured material signature.,HELMET synthetic collection,,0,0,420.0,0.11,1,,,[]
demo-1,Dry mineral soil,Soil,Illustrative synthetic spectrum. Not a measured material signature.,HELMET synthetic collection,,0,1,435.98425196850394,0.11165354330708661,1,,,[]
demo-1,Dry mineral soil,Soil,Illustrative synthetic spectrum. Not a measured material signature.,HELMET synthetic collection,,0,2,451.9685039370079,0.11330708661417323,1,,,[]
demo-1,Dry mineral soil,Soil,Illustrative synthetic spectrum. Not a measured material signature.,HELMET synthetic collection,,0,3,467.9527559055118,0.11496062992125984,1,,,[]
demo-1,Dry mineral soil,Soil,Illustrative synthetic spectrum. Not a measured material signature.,HELMET synthetic collection,,0,4,483.93700787401576,0.11661417322834647,1,,,[]
demo-1,Dry mineral soil,Soil,Illustrative synthetic spectrum. Not a measured material signature.,HELMET synthetic collection,,0,5,499.9212598425197,0.11826771653543308,1,,,[]
demo-1,Dry mineral soil,Soil,Illustrative synthetic spectrum. Not a measured material signature.,HELMET synthetic collection,,0,6,515.9055118110236,0.1199212598425197,1,,,[]
demo-1,Dry mineral soil,Soil,Illustrative synthetic spectrum. Not a measured material signature.,HELMET synthetic collection,,0,7,531.8897637795276,0.12157480314960631,1,,,[]
demo-1,Dry mineral soil,Soil,Illustrative synthetic spectrum. Not a measured material signature.,HELMET synthetic collection,,0,8,547.8740157480315,0.12322834645669292,1,,,[]
demo-1,Dry mineral soil,Soil,Illustrative synthetic spectrum. Not a measured material signature.,HELMET synthetic collection,,0,9,563.8582677165355,0.12488188976377954,1,,,[]
demo-1,Dry mineral soil,Soil,Illustrative synthetic spectrum. Not a measured material signature.,HELMET synthetic collection,,0,10,579.8425196850394,0.12653543307086615,1,,,[]
demo-1,Dry mineral soil,Soil,Illustrative synthetic spectrum. Not a measured material signature.,HELMET synthetic collection,,0,11,595.8267716535433,0.12818897637795276,1,,,[]
demo-1,Dry mineral soil,Soil,Illustrative synthetic spectrum. Not a measured material signature.,HELMET synthetic collection,,0,12,611.8110236220473,0.12984251968503938,1,,,[]
demo-1,Dry mineral soil,Soil,Illustrative synthetic spectrum. Not a measured material signature.,HELMET synthetic collection,,0,13,627.7952755905512,0.131496062992126,1,,,[]
demo-1,Dry mineral soil,Soil,Illustrative synthetic spectrum. Not a measured material signature.,HELMET synthetic collection,,0,14,643.7795275590552,0.1331496062992126,1,,,[]
demo-1,Dry mineral soil,Soil,Illustrative synthetic spectrum. Not a measured material signature.,HELMET synthetic collection,,0,15,659.7637795275591,0.13480314960629922,1,,,[]
demo-1,Dry mineral soil,Soil,Illustrative synthetic spectrum. Not a measured material signature.,HELMET synthetic collection,,0,16,675.748031496063,0.13645669291338583,1,,,[]
demo-1,Dry mineral soil,Soil,Illustrative synthetic spectrum. Not a measured material signature.,HELMET synthetic collection,,0,17,691.732283464567,0.13811023622047244,1,,,[]
demo-1,Dry mineral soil,Soil,Illustrative synthetic spectrum. Not a measured material signature.,HELMET synthetic collection,,0,18,707.7165354330709,0.13976377952755906,1,,,[]
demo-1,Dry mineral soil,Soil,Illustrative synthetic spectrum. Not a measured material signature.,HELMET synthetic collection,,0,19,723.7007874015749,0.14141732283464567,1,,,[]
demo-1,Dry mineral soil,Soil,Illustrative synthetic spectrum. Not a measured material signature.,HELMET synthetic collection,,0,20,739.6850393700788,0.14307086614173228,1,,,[]
demo-1,Dry mineral soil,Soil,Illustrative synthetic spectrum. Not a measured material signature.,HELMET synthetic collection,,0,21,755.6692913385828,0.14472440944881892,1,,,[]
demo-1,Dry mineral soil,Soil,Illustrative synthetic spectrum. Not a measured material signature.,HELMET synthetic collection,,0,22,771.6535433070867,0.14637795275590554,1,,,[]
demo-1,Dry mineral soil,Soil,Illustrative synthetic spectrum. Not a measured material signature.,HELMET synthetic collection,,0,23,787.6377952755906,0.14803149606299215,1,,,[]
demo-1,Dry mineral soil,Soil,Illustrative synthetic spectrum. Not a measured material signature.,HELMET synthetic collection,,0,24,803.6220472440945,0.14968503937007874,1,,,[]
demo-1,Dry mineral soil,Soil,Illustrative synthetic spectrum. Not a measured material signature.,HELMET synthetic collection,,0,25,819.6062992125984,0.15133858267716538,1,,,[]
demo-1,Dry mineral soil,Soil,Illustrative synthetic spectrum. Not a measured material signature.,HELMET synthetic collection,,0,26,835.5905511811023,0.15299212598425196,1,,,[]
demo-1,Dry mineral soil,Soil,Illustrative synthetic spectrum. Not a measured material signature.,HELMET synthetic collection,,0,27,851.5748031496063,0.1546456692913386,1,,,[]
demo-1,Dry mineral soil,Soil,Illustrative synthetic spectrum. Not a measured material signature.,HELMET synthetic collection,,0,28,867.5590551181102,0.15629921259842522,1,,,[]
demo-1,Dry mineral soil,Soil,Illustrative synthetic spectrum. Not a measured material signature.,HELMET synthetic collection,,0,29,883.5433070866142,0.15795275590551183,1,,,[]
demo-1,Dry mineral soil,Soil,Illustrative synthetic spectrum. Not a measured material signature.,HELMET synthetic collection,,0,30,899.5275590551181,0.15960629921259842,1,,,[]
demo-1,Dry mineral soil,Soil,Illustrative synthetic spectrum. Not a measured material signature.,HELMET synthetic collection,,0,31,915.511811023622,0.16125984251968503,1,,,[]
demo-1,Dry mineral soil,Soil,Illustrative synthetic spectrum. Not a measured material signature.,HELMET synthetic collection,,0,32,931.496062992126,0.16291338582677165,1,,,[]
demo-1,Dry mineral soil,Soil,Illustrative synthetic spectrum. Not a measured material signature.,HELMET synthetic collection,,0,33,947.4803149606299,0.1645669291338583,1,,,[]
demo-1,Dry mineral soil,Soil,Illustrative synthetic spectrum. Not a measured material signature.,HELMET synthetic collection,,0,34,963.4645669291339,0.16622047244094487,1,,,[]
demo-1,Dry mineral soil,Soil,Illustrative synthetic spectrum. Not a measured material signature.,HELMET synthetic collection,,0,35,979.4488188976378,0.1678740157480315,1,,,[]
demo-1,Dry mineral soil,Soil,Illustrative synthetic spectrum. Not a measured material signature.,HELMET synthetic collection,,0,36,995.4330708661417,0.1695275590551181,1,,,[]
demo-1,Dry mineral soil,Soil,Illustrative synthetic spectrum. Not a measured material signature.,HELMET synthetic collection,,0,37,1011.4173228346457,0.17118110236220474,1,,,[]
demo-1,Dry mineral soil,Soil,Illustrative synthetic spectrum. Not a measured material signature.,HELMET synthetic collection,,0,38,1027.4015748031497,0.17283464566929135,1,,,[]
demo-1,Dry mineral soil,Soil,Illustrative synthetic spectrum. Not a measured material signature.,HELMET synthetic collection,,0,39,1043.3858267716537,0.17448818897637797,1,,,[]
demo-1,Dry mineral soil,Soil,Illustrative synthetic spectrum. Not a measured material signature.,HELMET synthetic collection,,0,40,1059.3700787401576,0.17614173228346458,1,,,[]
demo-1,Dry mineral soil,Soil,Illustrative synthetic spectrum. Not a measured material signature.,HELMET synthetic collection,,0,41,1075.3543307086616,0.1777952755905512,1,,,[]
demo-1,Dry mineral soil,Soil,Illustrative synthetic spectrum. Not a measured material signature.,HELMET synthetic collection,,0,42,1091.3385826771655,0.1794488188976378,1,,,[]
demo-1,Dry mineral soil,Soil,Illustrative synthetic spectrum. Not a measured material signature.,HELMET synthetic collection,,0,43,1107.3228346456694,0.18110236220472442,1,,,[]
demo-1,Dry mineral soil,Soil,Illustrative synthetic spectrum. Not a measured material signature.,HELMET synthetic collection,,0,44,1123.3070866141734,0.18275590551181106,1,,,[]
demo-1,Dry mineral soil,Soil,Illustrative synthetic spectrum. Not a measured material signature.,HELMET synthetic collection,,0,45,1139.2913385826773,0.18440944881889765,1,,,[]
demo-1,Dry mineral soil,Soil,Illustrative synthetic spectrum. Not a measured material signature.,HELMET synthetic collection,,0,46,1155.2755905511813,0.1860629921259843,1,,,[]
demo-1,Dry mineral soil,Soil,Illustrative synthetic spectrum. Not a measured material signature.,HELMET synthetic collection,,0,47,1171.2598425196852,0.1877165354330709,1,,,[]
demo-1,Dry mineral soil,Soil,Illustrative synthetic spectrum. Not a measured material signature.,HELMET synthetic collection,,0,48,1187.244094488189,0.1893700787401575,1,,,[]
demo-1,Dry mineral soil,Soil,Illustrative synthetic spectrum. Not a measured material signature.,HELMET synthetic collection,,0,49,1203.2283464566929,0.1910236220472441,1,,,[]
demo-1,Dry mineral soil,Soil,Illustrative synthetic spectrum. Not a measured material signature.,HELMET synthetic collection,,0,50,1219.2125984251968,0.19267716535433072,1,,,[]
demo-1,Dry mineral soil,Soil,Illustrative synthetic spectrum. Not a measured material signature.,HELMET synthetic collection,,0,51,1235.1968503937007,0.19433070866141733,1,,,[]
demo-1,Dry mineral soil,Soil,Illustrative synthetic spectrum. Not a measured material signature.,HELMET synthetic collection,,0,52,1251.1811023622047,0.19598425196850394,1,,,[]
demo-1,Dry mineral soil,Soil,Illustrative synthetic spectrum. Not a measured material signature.,HELMET synthetic collection,,0,53,1267.1653543307086,0.19763779527559056,1,,,[]
demo-1,Dry mineral soil,Soil,Illustrative synthetic spectrum. Not a measured material signature.,HELMET synthetic collection,,0,54,1283.1496062992126,0.19929133858267717,1,,,[]
demo-1,Dry mineral soil,Soil,Illustrative synthetic spectrum. Not a measured material signature.,HELMET synthetic collection,,0,55,1299.1338582677165,0.20094488188976378,1,,,[]
demo-1,Dry mineral soil,Soil,Illustrative synthetic spectrum. Not a measured material signature.,HELMET synthetic collection,,0,56,1315.1181102362204,0.2025984251968504,1,,,[]
demo-1,Dry mineral soil,Soil,Illustrative synthetic spectrum. Not a measured material signature.,HELMET synthetic collection,,0,57,1331.1023622047244,0.204251968503937,1,,,[]
demo-1,Dry mineral soil,Soil,Illustrative synthetic spectrum. Not a measured material signature.,HELMET synthetic collection,,0,58,1347.0866141732283,0.20590551181102362,1,,,[]
demo-1,Dry mineral soil,Soil,Illustrative synthetic spectrum. Not a measured material signature.,HELMET synthetic collection,,0,59,1363.0708661417323,,0,,,[]
demo-1,Dry mineral soil,Soil,Illustrative synthetic spectrum. Not a measured material signature.,HELMET synthetic collection,,0,60,1379.0551181102362,,0,,,[]
demo-1,Dry mineral soil,Soil,Illustrative synthetic spectrum. Not a measured material signature.,HELMET synthetic collection,,0,61,1395.0393700787401,,0,,,[]
demo-1,Dry mineral soil,Soil,Illustrative synthetic spectrum. Not a measured material signature.,HELMET synthetic collection,,0,62,1411.023622047244,,0,,,[]
demo-1,Dry mineral soil,Soil,Illustrative synthetic spectrum. Not a measured material signature.,HELMET synthetic collection,,0,63,1427.007874015748,,0,,,[]
demo-1,Dry mineral soil,Soil,Illustrative synthetic spectrum. Not a measured material signature.,HELMET synthetic collection,,0,64,1442.992125984252,,0,,,[]
demo-1,Dry mineral soil,Soil,Illustrative synthetic spectrum. Not a measured material signature.,HELMET synthetic collection,,0,65,1458.976377952756,0.21748031496062992,1,,,[]
demo-1,Dry mineral soil,Soil,Illustrative synthetic spectrum. Not a measured material signature.,HELMET synthetic collection,,0,66,1474.9606299212599,0.21913385826771656,1,,,[]
demo-1,Dry mineral soil,Soil,Illustrative synthetic spectrum. Not a measured material signature.,HELMET synthetic collection,,0,67,1490.9448818897638,0.2207874015748031,1,,,[]
demo-1,Dry mineral soil,Soil,Illustrative synthetic spectrum. Not a measured material signature.,HELMET synthetic collection,,0,68,1506.9291338582677,0.22244094488188954,1,,,[]
demo-1,Dry mineral soil,Soil,Illustrative synthetic spectrum. Not a measured material signature.,HELMET synthetic collection,,0,69,1522.9133858267717,0.2240944881889752,1,,,[]
demo-1,Dry mineral soil,Soil,Illustrative synthetic spectrum. Not a measured material signature.,HELMET synthetic collection,,0,70,1538.8976377952756,0.22574803149605788,1,,,[]
demo-1,Dry mineral soil,Soil,Illustrative synthetic spectrum. Not a measured material signature.,HELMET synthetic collection,,0,71,1554.8818897637796,0.22740157480312786,1,,,[]
demo-1,Dry mineral soil,Soil,Illustrative synthetic spectrum. Not a measured material signature.,HELMET synthetic collection,,0,72,1570.8661417322835,0.2290551181101473,1,,,[]
demo-1,Dry mineral soil,Soil,Illustrative synthetic spectrum. Not a measured material signature.,HELMET synthetic collection,,0,73,1586.8503937007874,0.2307086614169714,1,,,[]
demo-1,Dry mineral soil,Soil,Illustrative synthetic spectrum. Not a measured material signature.,HELMET synthetic collection,,0,74,1602.8346456692914,0.2323622047230689,1,,,[]
demo-1,Dry mineral soil,Soil,Illustrative synthetic spectrum. Not a measured material signature.,HELMET synthetic collection,,0,75,1618.8188976377953,0.23401574802655997,1,,,[]
demo-1,Dry mineral soil,Soil,Illustrative synthetic spectrum. Not a measured material signature.,HELMET synthetic collection,,0,76,1634.8031496062993,0.23566929132103948,1,,,[]
demo-1,Dry mineral soil,Soil,Illustrative synthetic spectrum. Not a measured material signature.,HELMET synthetic collection,,0,77,1650.7874015748032,0.2373228345854855,1,,,[]
demo-1,Dry mineral soil,Soil,Illustrative synthetic spectrum. Not a measured material signature.,HELMET synthetic collection,,0,78,1666.7716535433071,0.2389763777534634,1,,,[]
demo-1,Dry mineral soil,Soil,Illustrative synthetic spectrum. Not a measured material signature.,HELMET synthetic collection,,0,79,1682.755905511811,0.24062992062283495,1,,,[]
demo-1,Dry mineral soil,Soil,Illustrative synthetic spectrum. Not a measured material signature.,HELMET synthetic collection,,0,80,1698.740157480315,0.24228346260157674,1,,,[]
demo-1,Dry mineral soil,Soil,Illustrative synthetic spectrum. Not a measured material signature.,HELMET synthetic collection,,0,81,1714.724409448819,0.24393700202101795,1,,,[]
demo-1,Dry mineral soil,Soil,Illustrative synthetic spectrum. Not a measured material signature.,HELMET synthetic collection,,0,82,1730.708661417323,0.24559053435597264,1,,,[]
demo-1,Dry mineral soil,Soil,Illustrative synthetic spectrum. Not a measured material signature.,HELMET synthetic collection,,0,83,1746.6929133858268,0.24724404780284032,1,,,[]
demo-1,Dry mineral soil,Soil,Illustrative synthetic spectrum. Not a measured material signature.,HELMET synthetic collection,,0,84,1762.6771653543308,0.24889751275644084,1,,,[]
demo-1,Dry mineral soil,Soil,Illustrative synthetic spectrum. Not a measured material signature.,HELMET synthetic collection,,0,85,1778.6614173228347,0.2505508578428189,1,,,[]
demo-1,Dry mineral soil,Soil,Illustrative synthetic spectrum. Not a measured material signature.,HELMET synthetic collection,,0,86,1794.6456692913387,0.25220391773199563,1,,,[]
demo-1,Dry mineral soil,Soil,Illustrative synthetic spectrum. Not a measured material signature.,HELMET synthetic collection,,0,87,1810.6299212598426,,0,,,[]
demo-1,Dry mineral soil,Soil,Illustrative synthetic spectrum. Not a measured material signature.,HELMET synthetic collection,,0,88,1826.6141732283465,,0,,,[]
demo-1,Dry mineral soil,Soil,Illustrative synthetic spectrum. Not a measured material signature.,HELMET synthetic collection,,0,89,1842.5984251968505,,0,,,[]
demo-1,Dry mineral soil,Soil,Illustrative synthetic spectrum. Not a measured material signature.,HELMET synthetic collection,,0,90,1858.5826771653544,,0,,,[]
demo-1,Dry mineral soil,Soil,Illustrative synthetic spectrum. Not a measured material signature.,HELMET synthetic collection,,0,91,1874.5669291338584,,0,,,[]
demo-1,Dry mineral soil,Soil,Illustrative synthetic spectrum. Not a measured material signature.,HELMET synthetic collection,,0,92,1890.5511811023623,,0,,,[]
demo-1,Dry mineral soil,Soil,Illustrative synthetic spectrum. Not a measured material signature.,HELMET synthetic collection,,0,93,1906.5354330708662,,0,,,[]
demo-1,Dry mineral soil,Soil,Illustrative synthetic spectrum. Not a measured material signature.,HELMET synthetic collection,,0,94,1922.5196850393702,,0,,,[]
demo-1,Dry mineral soil,Soil,Illustrative synthetic spectrum. Not a measured material signature.,HELMET synthetic collection,,0,95,1938.5039370078741,,0,,,[]
demo-1,Dry mineral soil,Soil,Illustrative synthetic spectrum. Not a measured material signature.,HELMET synthetic collection,,0,96,1954.4881889763778,0.2676599616536232,1,,,[]
demo-1,Dry mineral soil,Soil,Illustrative synthetic spectrum. Not a measured material signature.,HELMET synthetic collection,,0,97,1970.4724409448818,0.26856680217064194,1,,,[]
demo-1,Dry mineral soil,Soil,Illustrative synthetic spectrum. Not a measured material signature.,HELMET synthetic collection,,0,98,1986.4566929133857,0.2690648260032325,1,,,[]
demo-1,Dry mineral soil,Soil,Illustrative synthetic spectrum. Not a measured material signature.,HELMET synthetic collection,,0,99,2002.4409448818897,0.2690011459092657,1,,,[]
demo-1,Dry mineral soil,Soil,Illustrative synthetic spectrum. Not a measured material signature.,HELMET synthetic collection,,0,100,2018.4251968503936,0.2682060259461456,1,,,[]
demo-1,Dry mineral soil,Soil,Illustrative synthetic spectrum. Not a measured material signature.,HELMET synthetic collection,,0,101,2034.4094488188975,0.2665128480633873,1,,,[]
demo-1,Dry mineral soil,Soil,Illustrative synthetic spectrum. Not a measured material signature.,HELMET synthetic collection,,0,102,2050.3937007874015,0.26378815972116765,1,,,[]
demo-1,Dry mineral soil,Soil,Illustrative synthetic spectrum. Not a measured material signature.,HELMET synthetic collection,,0,103,2066.3779527559054,0.25996934623556944,1,,,[]
demo-1,Dry mineral soil,Soil,Illustrative synthetic spectrum. Not a measured material signature.,HELMET synthetic collection,,0,104,2082.3622047244094,0.255104073048995,1,,,[]
demo-1,Dry mineral soil,Soil,Illustrative synthetic spectrum. Not a measured material signature.,HELMET synthetic collection,,0,105,2098.3464566929133,0.24938261092031283,1,,,[]
demo-1,Dry mineral soil,Soil,Illustrative synthetic spectrum. Not a measured material signature.,HELMET synthetic collection,,0,106,2114.3307086614172,0.24315274571354753,1,,,[]
demo-1,Dry mineral soil,Soil,Illustrative synthetic spectrum. Not a measured material signature.,HELMET synthetic collection,,0,107,2130.314960629921,0.23690830215943626,1,,,[]
demo-1,Dry mineral soil,Soil,Illustrative synthetic spectrum. Not a measured material signature.,HELMET synthetic collection,,0,108,2146.299212598425,0.23124682800855284,1,,,[]
demo-1,Dry mineral soil,Soil,Illustrative synthetic spectrum. Not a measured material signature.,HELMET synthetic collection,,0,109,2162.283464566929,0.22679906287124205,1,,,[]
demo-1,Dry mineral soil,Soil,Illustrative synthetic spectrum. Not a measured material signature.,HELMET synthetic collection,,0,110,2178.267716535433,0.224140698397226,1,,,[]
demo-1,Dry mineral soil,Soil,Illustrative synthetic spectrum. Not a measured material signature.,HELMET synthetic collection,,0,111,2194.251968503937,0.22370317895834418,1,,,[]
demo-1,Dry mineral soil,Soil,Illustrative synthetic spectrum. Not a measured material signature.,HELMET synthetic collection,,0,112,2210.236220472441,0.22570260031454142,1,,,[]
demo-1,Dry mineral soil,Soil,Illustrative synthetic spectrum. Not a measured material signature.,HELMET synthetic collection,,0,113,2226.220472440945,0.23010291824943874,1,,,[]
demo-1,Dry mineral soil,Soil,Illustrative synthetic spectrum. Not a measured material signature.,HELMET synthetic collection,,0,114,2242.2047244094488,0.23662213640771326,1,,,[]
demo-1,Dry mineral soil,Soil,Illustrative synthetic spectrum. Not a measured material signature.,HELMET synthetic collection,,0,115,2258.1889763779527,0.24478000323111077,1,,,[]
demo-1,Dry mineral soil,Soil,Illustrative synthetic spectrum. Not a measured material signature.,HELMET synthetic collection,,0,116,2274.1732283464567,0.2539760524840976,1,,,[]
demo-1,Dry mineral soil,Soil,Illustrative synthetic spectrum. Not a measured material signature.,HELMET synthetic collection,,0,117,2290.1574803149606,0.2635804489084655,1,,,[]
demo-1,Dry mineral soil,Soil,Illustrative synthetic spectrum. Not a measured material signature.,HELMET synthetic collection,,0,118,2306.1417322834645,0.2730187338364992,1,,,[]
demo-1,Dry mineral soil,Soil,Illustrative synthetic spectrum. Not a measured material signature.,HELMET synthetic collection,,0,119,2322.1259842519685,0.2818351634822737,1,,,[]
demo-1,Dry mineral soil,Soil,Illustrative synthetic spectrum. Not a measured material signature.,HELMET synthetic collection,,0,120,2338.1102362204724,0.2897262916691093,1,,,[]
demo-1,Dry mineral soil,Soil,Illustrative synthetic spectrum. Not a measured material signature.,HELMET synthetic collection,,0,121,2354.0944881889764,0.2965443353855135,1,,,[]
demo-1,Dry mineral soil,Soil,Illustrative synthetic spectrum. Not a measured material signature.,HELMET synthetic collection,,0,122,2370.0787401574803,0.3022763530346443,1,,,[]
demo-1,Dry mineral soil,Soil,Illustrative synthetic spectrum. Not a measured material signature.,HELMET synthetic collection,,0,123,2386.0629921259842,0.3070088989391252,1,,,[]
demo-1,Dry mineral soil,Soil,Illustrative synthetic spectrum. Not a measured material signature.,HELMET synthetic collection,,0,124,2402.047244094488,0.3108882923829672,1,,,[]
demo-1,Dry mineral soil,Soil,Illustrative synthetic spectrum. Not a measured material signature.,HELMET synthetic collection,,0,125,2418.031496062992,0.31408464457373164,1,,,[]
demo-1,Dry mineral soil,Soil,Illustrative synthetic spectrum. Not a measured material signature.,HELMET synthetic collection,,0,126,2434.015748031496,0.31676453143283845,1,,,[]
demo-1,Dry mineral soil,Soil,Illustrative synthetic spectrum. Not a measured material signature.,HELMET synthetic collection,,0,127,2450.0,0.31907389186391244,1,,,[]
demo-2,Open water,Water,Illustrative synthetic spectrum. Not a measured material signature.,HELMET synthetic collection,,0,0,420.0,0.045725945280962105,1,,,[]
demo-2,Open water,Water,Illustrative synthetic spectrum. Not a measured material signature.,HELMET synthetic collection,,0,1,435.98425196850394,0.04424811687111024,1,,,[]
demo-2,Open water,Water,Illustrative synthetic spectrum. Not a measured material signature.,HELMET synthetic collection,,0,2,451.9685039370079,0.042828179040081515,1,,,[]
demo-2,Open water,Water,Illustrative synthetic spectrum. Not a measured material signature.,HELMET synthetic collection,,0,3,467.9527559055118,0.041463864055645235,1,,,[]
demo-2,Open water,Water,Illustrative synthetic spectrum. Not a measured material signature.,HELMET synthetic collection,,0,4,483.93700787401576,0.040152993018841565,1,,,[]
demo-2,Open water,Water,Illustrative synthetic spectrum. Not a measured material signature.,HELMET synthetic collection,,0,5,499.9212598425197,0.038893472384139496,1,,,[]
demo-2,Open water,Water,Illustrative synthetic spectrum. Not a measured material signature.,HELMET synthetic collection,,0,6,515.9055118110236,0.03768329061590969,1,,,[]
demo-2,Open water,Water,Illustrative synthetic spectrum. Not a measured material signature.,HELMET synthetic collection,,0,7,531.8897637795276,0.03652051497587244,1,,,[]
demo-2,Open water,Water,Illustrative synthetic spectrum. Not a measured material signature.,HELMET synthetic collection,,0,8,547.8740157480315,0.03540328843639009,1,,,[]
demo-2,Open water,Water,Illustrative synthetic spectrum. Not a measured material signature.,HELMET synthetic collection,,0,9,563.8582677165355,0.03432982671467416,1,,,[]
demo-2,Open water,Water,Illustrative synthetic spectrum. Not a measured material signature.,HELMET synthetic collection,,0,10,579.8425196850394,0.0332984154231708,1,,,[]
demo-2,Open water,Water,Illustrative synthetic spectrum. Not a measured material signature.,HELMET synthetic collection,,0,11,595.8267716535433,0.03230740733157334,1,,,[]
demo-2,Open water,Water,Illustrative synthetic spectrum. Not a measured material signature.,HELMET synthetic collection,,0,12,611.8110236220473,0.031355219736089325,1,,,[]
demo-2,Open water,Water,Illustrative synthetic spectrum. Not a measured material signature.,HELMET synthetic collection,,0,13,627.7952755905512,0.030440331931760576,1,,,[]
demo-2,Open water,Water,Illustrative synthetic spectrum. Not a measured material signature.,HELMET synthetic collection,,0,14,643.7795275590552,0.029561282783799343,1,,,[]
demo-2,Open water,Water,Illustrative synthetic spectrum. Not a measured material signature.,HELMET synthetic collection,,0,15,659.7637795275591,0.02871666839406188,1,,,[]
demo-2,Open water,Water,Illustrative synthetic spectrum. Not a measured material signature.,HELMET synthetic collection,,0,16,675.748031496063,0.02790513985893265,1,,,[]
demo-2,Open water,Water,Illustrative synthetic spectrum. Not a measured material signature.,HELMET synthetic collection,,0,17,691.732283464567,0.027125401115038264,1,,,[]
demo-2,Open water,Water,Illustrative synthetic spectrum. Not a measured material signature.,HELMET synthetic collection,,0,18,707.7165354330709,0.026376206869350823,1,,,[]
demo-2,Open water,Water,Illustrative synthetic spectrum. Not a measured material signature.,HELMET synthetic collection,,0,19,723.7007874015749,0.02565636061037461,1,,,[]
demo-2,Open water,Water,Illustrative synthetic spectrum. Not a measured material signature.,HELMET synthetic collection,,0,20,739.6850393700788,0.024964712697240182,1,,,[]
demo-2,Open water,Water,Illustrative synthetic spectrum. Not a measured material signature.,HELMET synthetic collection,,0,21,755.6692913385828,0.024300158523653765,1,,,[]
demo-2,Open water,Water,Illustrative synthetic spectrum. Not a measured material signature.,HELMET synthetic collection,,0,22,771.6535433070867,0.023661636753769824,1,,,[]
demo-2,Open water,Water,Illustrative synthetic spectrum. Not a measured material signature.,HELMET synthetic collection,,0,23,787.6377952755906,0.023048127627169325,1,,,[]
demo-2,Open water,Water,Illustrative synthetic spectrum. Not a measured material signature.,HELMET synthetic collection,,0,24,803.6220472440945,0.022458651330236615,1,,,[]
demo-2,Open water,Water,Illustrative synthetic spectrum. Not a measured material signature.,HELMET synthetic collection,,0,25,819.6062992125984,0.021892266431333924,1,,,[]
demo-2,Open water,Water,Illustrative synthetic spectrum. Not a measured material signature.,HELMET synthetic collection,,0,26,835.5905511811023,0.02134806837727437,1,,,[]
demo-2,Open water,Water,Illustrative synthetic spectrum. Not a measured material signature.,HELMET synthetic collection,,0,27,851.5748031496063,0.02082518804869223,1,,,[]
demo-2,Open water,Water,Illustrative synthetic spectrum. Not a measured material signature.,HELMET synthetic collection,,0,28,867.5590551181102,0.020322790372003272,1,,,[]
demo-2,Open water,Water,Illustrative synthetic spectrum. Not a measured material signature.,HELMET synthetic collection,,0,29,883.5433070866142,0.019840072985738453,1,,,[]
demo-2,Open water,Water,Illustrative synthetic spectrum. Not a measured material signature.,HELMET synthetic collection,,0,30,899.5275590551181,0.019376264959120926,1,,,[]
demo-2,Open water,Water,Illustrative synthetic spectrum. Not a measured material signature.,HELMET synthetic collection,,0,31,915.511811023622,0.01893062556083989,1,,,[]
demo-2,Open water,Water,Illustrative synthetic spectrum. Not a measured material signature.,HELMET synthetic collection,,0,32,931.496062992126,0.018502443076054975,1,,,[]
demo-2,Open water,Water,Illustrative synthetic spectrum. Not a measured material signature.,HELMET synthetic collection,,0,33,947.4803149606299,0.01809103366974174,1,,,[]
demo-2,Open water,Water,Illustrative synthetic spectrum. Not a measured material signature.,HELMET synthetic collection,,0,34,963.4645669291339,0.017695740294563105,1,,,[]
demo-2,Open water,Water,Illustrative synthetic spectrum. Not a measured material signature.,HELMET synthetic collection,,0,35,979.4488188976378,0.01731593164152236,1,,,[]
demo-2,Open water,Water,Illustrative synthetic spectrum. Not a measured material signature.,HELMET synthetic collection,,0,36,995.4330708661417,0.016951001131722064,1,,,[]
demo-2,Open water,Water,Illustrative synthetic spectrum. Not a measured material signature.,HELMET synthetic collection,,0,37,1011.4173228346457,0.016600365947618392,1,,,[]
demo-2,Open water,Water,Illustrative synthetic spectrum. Not a measured material signature.,HELMET synthetic collection,,0,38,1027.4015748031497,0.016263466102224004,1,,,[]
demo-2,Open water,Water,Illustrative synthetic spectrum. Not a measured material signature.,HELMET synthetic collection,,0,39,1043.3858267716537,0.01593976354477273,1,,,[]
demo-2,Open water,Water,Illustrative synthetic spectrum. Not a measured material signature.,HELMET synthetic collection,,0,40,1059.3700787401576,0.015628741301417764,1,,,[]
demo-2,Open water,Water,Illustrative synthetic spectrum. Not a measured material signature.,HELMET synthetic collection,,0,41,1075.3543307086616,0.0153299026495912,1,,,[]
demo-2,Open water,Water,Illustrative synthetic spectrum. Not a measured material signature.,HELMET synthetic collection,,0,42,1091.3385826771655,0.015042770324706002,1,,,[]
demo-2,Open water,Water,Illustrative synthetic spectrum. Not a measured material signature.,HELMET synthetic collection,,0,43,1107.3228346456694,0.014766885757933744,1,,,[]
demo-2,Open water,Water,Illustrative synthetic spectrum. Not a measured material signature.,HELMET synthetic collection,,0,44,1123.3070866141734,0.014501808343840607,1,,,[]
demo-2,Open water,Water,Illustrative synthetic spectrum. Not a measured material signature.,HELMET synthetic collection,,0,45,1139.2913385826773,0.014247114736712137,1,,,[]
demo-2,Open water,Water,Illustrative synthetic spectrum. Not a measured material signature.,HELMET synthetic collection,,0,46,1155.2755905511813,0.014002398174442817,1,,,[]
demo-2,Open water,Water,Illustrative synthetic spectrum. Not a measured material signature.,HELMET synthetic collection,,0,47,1171.2598425196852,0.0137672678289108,1,,,[]
demo-2,Open water,Water,Illustrative synthetic spectrum. Not a measured material signature.,HELMET synthetic collection,,0,48,1187.244094488189,0.013541348181800193,1,,,[]
demo-2,Open water,Water,Illustrative synthetic spectrum. Not a measured material signature.,HELMET synthetic collection,,0,49,1203.2283464566929,0.013324278424874108,1,,,[]
demo-2,Open water,Water,Illustrative synthetic spectrum. Not a measured material signature.,HELMET synthetic collection,,0,50,1219.2125984251968,0.013115711883740652,1,,,[]
demo-2,Open water,Water,Illustrative synthetic spectrum. Not a measured material signature.,HELMET synthetic collection,,0,51,1235.1968503937007,0.012915315464191585,1,,,[]
demo-2,Open water,Water,Illustrative synthetic spectrum. Not a measured material signature.,HELMET synthetic collection,,0,52,1251.1811023622047,0.012722769120229405,1,,,[]
demo-2,Open water,Water,Illustrative synthetic spectrum. Not a measured material signature.,HELMET synthetic collection,,0,53,1267.1653543307086,0.012537765342933245,1,,,[]
demo-2,Open water,Water,Illustrative synthetic spectrum. Not a measured material signature.,HELMET synthetic collection,,0,54,1283.1496062992126,0.012360008669347337,1,,,[]
demo-2,Open water,Water,Illustrative synthetic spectrum. Not a measured material signature.,HELMET synthetic collection,,0,55,1299.1338582677165,0.012189215210607587,1,,,[]
demo-2,Open water,Water,Illustrative synthetic spectrum. Not a measured material signature.,HELMET synthetic collection,,0,56,1315.1181102362204,0.012025112198552814,1,,,[]
demo-2,Open water,Water,Illustrative synthetic spectrum. Not a measured material signature.,HELMET synthetic collection,,0,57,1331.1023622047244,0.011867437550096371,1,,,[]
demo-2,Open water,Water,Illustrative synthetic spectrum. Not a measured material signature.,HELMET synthetic collection,,0,58,1347.0866141732283,0.011715939448662595,1,,,[]
demo-2,Open water,Water,Illustrative synthetic spectrum. Not a measured material signature.,HELMET synthetic collection,,0,59,1363.0708661417323,,0,,,[]
demo-2,Open water,Water,Illustrative synthetic spectrum. Not a measured material signature.,HELMET synthetic collection,,0,60,1379.0551181102362,,0,,,[]
demo-2,Open water,Water,Illustrative synthetic spectrum. Not a measured material signature.,HELMET synthetic collection,,0,61,1395.0393700787401,,0,,,[]
demo-2,Open water,Water,Illustrative synthetic spectrum. Not a measured material signature.,HELMET synthetic collection,,0,62,1411.023622047244,,0,,,[]
demo-2,Open water,Water,Illustrative synthetic spectrum. Not a measured material signature.,HELMET synthetic collection,,0,63,1427.007874015748,,0,,,[]
demo-2,Open water,Water,Illustrative synthetic spectrum. Not a measured material signature.,HELMET synthetic collection,,0,64,1442.992125984252,,0,,,[]
demo-2,Open water,Water,Illustrative synthetic spectrum. Not a measured material signature.,HELMET synthetic collection,,0,65,1458.976377952756,0.010809220707545752,1,,,[]
demo-2,Open water,Water,Illustrative synthetic spectrum. Not a measured material signature.,HELMET synthetic collection,,0,66,1474.9606299212599,0.010699175852731993,1,,,[]
demo-2,Open water,Water,Illustrative synthetic spectrum. Not a measured material signature.,HELMET synthetic collection,,0,67,1490.9448818897638,0.010593441755716103,1,,,[]
demo-2,Open water,Water,Illustrative synthetic spectrum. Not a measured material signature.,HELMET synthetic collection,,0,68,1506.9291338582677,0.010491849552330611,1,,,[]
demo-2,Open water,Water,Illustrative synthetic spectrum. Not a measured material signature.,HELMET synthetic collection,,0,69,1522.9133858267717,0.010394236993279132,1,,,[]
demo-2,Open water,Water,Illustrative synthetic spectrum. Not a measured material signature.,HELMET synthetic collection,,0,70,1538.8976377952756,0.010300448185013755,1,,,[]
demo-2,Open water,Water,Illustrative synthetic spectrum. Not a measured material signature.,HELMET synthetic collection,,0,71,1554.8818897637796,0.010210333340763024,1,,,[]
demo-2,Open water,Water,Illustrative synthetic spectrum. Not a measured material signature.,HELMET synthetic collection,,0,72,1570.8661417322835,0.010123748541312795,1,,,[]
demo-2,Open water,Water,Illustrative synthetic spectrum. Not a measured material signature.,HELMET synthetic collection,,0,73,1586.8503937007874,0.010040555505157985,1,,,[]
demo-2,Open water,Water,Illustrative synthetic spectrum. Not a measured material signature.,HELMET synthetic collection,,0,74,1602.8346456692914,0.009960621367658084,1,,,[]
demo-2,Open water,Water,Illustrative synthetic spectrum. Not a measured material signature.,HELMET synthetic collection,,0,75,1618.8188976377953,0.00988381846884378,1,,,[]
demo-2,Open water,Water,Illustrative synthetic spectrum. Not a measured material signature.,HELMET synthetic collection,,0,76,1634.8031496062993,0.009810024149535738,1,,,[]
demo-2,Open water,Water,Illustrative synthetic spectrum. Not a measured material signature.,HELMET synthetic collection,,0,77,1650.7874015748032,0.009739120555450006,1,,,[]
demo-2,Open water,Water,Illustrative synthetic spectrum. Not a measured material signature.,HELMET synthetic collection,,0,78,1666.7716535433071,0.009670994448977113,1,,,[]
demo-2,Open water,Water,Illustrative synthetic spectrum. Not a measured material signature.,HELMET synthetic collection,,0,79,1682.755905511811,0.009605537028334315,1,,,[]
demo-2,Open water,Water,Illustrative synthetic spectrum. Not a measured material signature.,HELMET synthetic collection,,0,80,1698.740157480315,0.009542643753802134,1,,,[]
demo-2,Open water,Water,Illustrative synthetic spectrum. Not a measured material signature.,HELMET synthetic collection,,0,81,1714.724409448819,0.00948221418076769,1,,,[]
demo-2,Open water,Water,Illustrative synthetic spectrum. Not a measured material signature.,HELMET synthetic collection,,0,82,1730.708661417323,0.009424151799308179,1,,,[]
demo-2,Open water,Water,Illustrative synthetic spectrum. Not a measured material signature.,HELMET synthetic collection,,0,83,1746.6929133858268,0.00936836388005831,1,,,[]
demo-2,Open water,Water,Illustrative synthetic spectrum. Not a measured material signature.,HELMET synthetic collection,,0,84,1762.6771653543308,0.009314761326115526,1,,,[]
demo-2,Open water,Water,Illustrative synthetic spectrum. Not a measured material signature.,HELMET synthetic collection,,0,85,1778.6614173228347,0.009263258530746511,1,,,[]
demo-2,Open water,Water,Illustrative synthetic spectrum. Not a measured material signature.,HELMET synthetic collection,,0,86,1794.6456692913387,0.009213773240667723,1,,,[]
demo-2,Open water,Water,Illustrative synthetic spectrum. Not a measured material signature.,HELMET synthetic collection,,0,87,1810.6299212598426,,0,,,[]
demo-2,Open water,Water,Illustrative synthetic spectrum. Not a measured material signature.,HELMET synthetic collection,,0,88,1826.6141732283465,,0,,,[]
demo-2,Open water,Water,Illustrative synthetic spectrum. Not a measured material signature.,HELMET synthetic collection,,0,89,1842.5984251968505,,0,,,[]
demo-2,Open water,Water,Illustrative synthetic spectrum. Not a measured material signature.,HELMET synthetic collection,,0,90,1858.5826771653544,,0,,,[]
demo-2,Open water,Water,Illustrative synthetic spectrum. Not a measured material signature.,HELMET synthetic collection,,0,91,1874.5669291338584,,0,,,[]
demo-2,Open water,Water,Illustrative synthetic spectrum. Not a measured material signature.,HELMET synthetic collection,,0,92,1890.5511811023623,,0,,,[]
demo-2,Open water,Water,Illustrative synthetic spectrum. Not a measured material signature.,HELMET synthetic collection,,0,93,1906.5354330708662,,0,,,[]
demo-2,Open water,Water,Illustrative synthetic spectrum. Not a measured material signature.,HELMET synthetic collection,,0,94,1922.5196850393702,,0,,,[]
demo-2,Open water,Water,Illustrative synthetic spectrum. Not a measured material signature.,HELMET synthetic collection,,0,95,1938.5039370078741,,0,,,[]
demo-2,Open water,Water,Illustrative synthetic spectrum. Not a measured material signature.,HELMET synthetic collection,,0,96,1954.4881889763778,0.008813936919095199,1,,,[]
demo-2,Open water,Water,Illustrative synthetic spectrum. Not a measured material signature.,HELMET synthetic collection,,0,97,1970.4724409448818,0.008782052784876482,1,,,[]
demo-2,Open water,Water,Illustrative synthetic spectrum. Not a measured material signature.,HELMET synthetic collection,,0,98,1986.4566929133857,0.008751417639358272,1,,,[]
demo-2,Open water,Water,Illustrative synthetic spectrum. Not a measured material signature.,HELMET synthetic collection,,0,99,2002.4409448818897,0.008721982556238756,1,,,[]
demo-2,Open water,Water,Illustrative synthetic spectrum. Not a measured material signature.,HELMET synthetic collection,,0,100,2018.4251968503936,0.008693700525793106,1,,,[]
demo-2,Open water,Water,Illustrative synthetic spectrum. Not a measured material signature.,HELMET synthetic collection,,0,101,2034.4094488188975,0.008666526379795932,1,,,[]
demo-2,Open water,Water,Illustrative synthetic spectrum. Not a measured material signature.,HELMET synthetic collection,,0,102,2050.3937007874015,0.008640416719384713,1,,,[]
demo-2,Open water,Water,Illustrative synthetic spectrum. Not a measured material signature.,HELMET synthetic collection,,0,103,2066.3779527559054,0.008615329845749012,1,,,[]
demo-2,Open water,Water,Illustrative synthetic spectrum. Not a measured material signature.,HELMET synthetic collection,,0,104,2082.3622047244094,0.008591225693534791,1,,,[]
demo-2,Open water,Water,Illustrative synthetic spectrum. Not a measured material signature.,HELMET synthetic collection,,0,105,2098.3464566929133,0.008568065766857461,1,,,[]
demo-2,Open water,Water,Illustrative synthetic spectrum. Not a measured material signature.,HELMET synthetic collection,,0,106,2114.3307086614172,0.008545813077821464,1,,,[]
demo-2,Open water,Water,Illustrative synthetic spectrum. Not a measured material signature.,HELMET synthetic collection,,0,107,2130.314960629921,0.008524432087448235,1,,,[]
demo-2,Open water,Water,Illustrative synthetic spectrum. Not a measured material signature.,HELMET synthetic collection,,0,108,2146.299212598425,0.008503888648918146,1,,,[]
demo-2,Open water,Water,Illustrative synthetic spectrum. Not a measured material signature.,HELMET synthetic collection,,0,109,2162.283464566929,0.00848414995303585,1,,,[]
demo-2,Open water,Water,Illustrative synthetic spectrum. Not a measured material signature.,HELMET synthetic collection,,0,110,2178.267716535433,0.008465184475831864,1,,,[]
demo-2,Open water,Water,Illustrative synthetic spectrum. Not a measured material signature.,HELMET synthetic collection,,0,111,2194.251968503937,0.00844696192821678,1,,,[]
demo-2,Open water,Water,Illustrative synthetic spectrum. Not a measured material signature.,HELMET synthetic collection,,0,112,2210.236220472441,0.008429453207607619,1,,,[]
demo-2,Open water,Water,Illustrative synthetic spectrum. Not a measured material signature.,HELMET synthetic collection,,0,113,2226.220472440945,0.008412630351449133,1,,,[]
demo-2,Open water,Water,Illustrative synthetic spectrum. Not a measured material signature.,HELMET synthetic collection,,0,114,2242.2047244094488,0.008396466492555809,1,,,[]
demo-2,Open water,Water,Illustrative synthetic spectrum. Not a measured material signature.,HELMET synthetic collection,,0,115,2258.1889763779527,0.008380935816203241,1,,,[]
demo-2,Open water,Water,Illustrative synthetic spectrum. Not a measured material signature.,HELMET synthetic collection,,0,116,2274.1732283464567,0.008366013518900347,1,,,[]
demo-2,Open water,Water,Illustrative synthetic spectrum. Not a measured material signature.,HELMET synthetic collection,,0,117,2290.1574803149606,0.008351675768776594,1,,,[]
demo-2,Open water,Water,Illustrative synthetic spectrum. Not a measured material signature.,HELMET synthetic collection,,0,118,2306.1417322834645,0.008337899667520974,1,,,[]
demo-2,Open water,Water,Illustrative synthetic spectrum. Not a measured material signature.,HELMET synthetic collection,,0,119,2322.1259842519685,0.008324663213811914,1,,,[]
demo-2,Open water,Water,Illustrative synthetic spectrum. Not a measured material signature.,HELMET synthetic collection,,0,120,2338.1102362204724,0.008311945268179756,1,,,[]
demo-2,Open water,Water,Illustrative synthetic spectrum. Not a measured material signature.,HELMET synthetic collection,,0,121,2354.0944881889764,0.008299725519245656,1,,,[]
demo-2,Open water,Water,Illustrative synthetic spectrum. Not a measured material signature.,HELMET synthetic collection,,0,122,2370.0787401574803,0.008287984451283011,1,,,[]
demo-2,Open water,Water,Illustrative synthetic spectrum. Not a measured material signature.,HELMET synthetic collection,,0,123,2386.0629921259842,0.008276703313049572,1,,,[]
demo-2,Open water,Water,Illustrative synthetic spectrum. Not a measured material signature.,HELMET synthetic collection,,0,124,2402.047244094488,0.008265864087840519,1,,,[]
demo-2,Open water,Water,Illustrative synthetic spectrum. Not a measured material signature.,HELMET synthetic collection,,0,125,2418.031496062992,0.008255449464714605,1,,,[]
demo-2,Open water,Water,Illustrative synthetic spectrum. Not a measured material signature.,HELMET synthetic collection,,0,126,2434.015748031496,0.00824544281084748,1,,,[]
demo-2,Open water,Water,Illustrative synthetic spectrum. Not a measured material signature.,HELMET synthetic collection,,0,127,2450.0,0.008235828144967991,1,,,[]
demo-3,Light concrete,Built surfaces,Illustrative synthetic spectrum. Not a measured material signature.,HELMET synthetic collection,,1,0,420.0,0.30601740976752034,1,,,[]
demo-3,Light concrete,Built surfaces,Illustrative synthetic spectrum. Not a measured material signature.,HELMET synthetic collection,,1,1,435.98425196850394,0.30713346117848045,1,,,[]
demo-3,Light concrete,Built surfaces,Illustrative synthetic spectrum. Not a measured material signature.,HELMET synthetic collection,,1,2,451.9685039370079,0.3082220955103529,1,,,[]
demo-3,Light concrete,Built surfaces,Illustrative synthetic spectrum. Not a measured material signature.,HELMET synthetic collection,,1,3,467.9527559055118,0.30928250898205645,1,,,[]
demo-3,Light concrete,Built surfaces,Illustrative synthetic spectrum. Not a measured material signature.,HELMET synthetic collection,,1,4,483.93700787401576,0.31031391864906893,1,,,[]
demo-3,Light concrete,Built surfaces,Illustrative synthetic spectrum. Not a measured material signature.,HELMET synthetic collection,,1,5,499.9212598425197,0.31131556298150553,1,,,[]
demo-3,Light concrete,Built surfaces,Illustrative synthetic spectrum. Not a measured material signature.,HELMET synthetic collection,,1,6,515.9055118110236,0.3122867024263861,1,,,[]
demo-3,Light concrete,Built surfaces,Illustrative synthetic spectrum. Not a measured material signature.,HELMET synthetic collection,,1,7,531.8897637795276,0.31322661995367573,1,,,[]
demo-3,Light concrete,Built surfaces,Illustrative synthetic spectrum. Not a measured material signature.,HELMET synthetic collection,,1,8,547.8740157480315,0.31413462158569594,1,,,[]
demo-3,Light concrete,Built surfaces,Illustrative synthetic spectrum. Not a measured material signature.,HELMET synthetic collection,,1,9,563.8582677165355,0.31501003690951546,1,,,[]
demo-3,Light concrete,Built surfaces,Illustrative synthetic spectrum. Not a measured material signature.,HELMET synthetic collection,,1,10,579.8425196850394,0.3158522195719421,1,,,[]
demo-3,Light concrete,Built surfaces,Illustrative synthetic spectrum. Not a measured material signature.,HELMET synthetic collection,,1,11,595.8267716535433,0.3166605477567507,1,,,[]
demo-3,Light concrete,Built surfaces,Illustrative synthetic spectrum. Not a measured material signature.,HELMET synthetic collection,,1,12,611.8110236220473,0.31743442464379373,1,,,[]
demo-3,Light concrete,Built surfaces,Illustrative synthetic spectrum. Not a measured material signature.,HELMET synthetic collection,,1,13,627.7952755905512,0.3181732788496575,1,,,[]
demo-3,Light concrete,Built surfaces,Illustrative synthetic spectrum. Not a measured material signature.,HELMET synthetic collection,,1,14,643.7795275590552,0.3188765648495362,1,,,[]
demo-3,Light concrete,Built surfaces,Illustrative synthetic spectrum. Not a measured material signature.,HELMET synthetic collection,,1,15,659.7637795275591,0.3195437633800144,1,,,[]
demo-3,Light concrete,Built surfaces,Illustrative synthetic spectrum. Not a measured material signature.,HELMET synthetic collection,,1,16,675.748031496063,0.3201743818224592,1,,,[]
demo-3,Light concrete,Built surfaces,Illustrative synthetic spectrum. Not a measured material signature.,HELMET synthetic collection,,1,17,691.732283464567,0.32076795456674,1,,,[]
demo-3,Light concrete,Built surfaces,Illustrative synthetic spectrum. Not a measured material signature.,HELMET synthetic collection,,1,18,707.7165354330709,0.3213240433550064,1,,,[]
demo-3,Light concrete,Built surfaces,Illustrative synthetic spectrum. Not a measured material signature.,HELMET synthetic collection,,1,19,723.7007874015749,0.3218422376052711,1,,,[]
demo-3,Light concrete,Built surfaces,Illustrative synthetic spectrum. Not a measured material signature.,HELMET synthetic collection,,1,20,739.6850393700788,0.3223221547145584,1,,,[]
demo-3,Light concrete,Built surfaces,Illustrative synthetic spectrum. Not a measured material signature.,HELMET synthetic collection,,1,21,755.6692913385828,0.32276344034139504,1,,,[]
demo-3,Light concrete,Built surfaces,Illustrative synthetic spectrum. Not a measured material signature.,HELMET synthetic collection,,1,22,771.6535433070867,0.32316576866743424,1,,,[]
demo-3,Light concrete,Built surfaces,Illustrative synthetic spectrum. Not a measured material signature.,HELMET synthetic collection,,1,23,787.6377952755906,0.3235288426380202,1,,,[]
demo-3,Light concrete,Built surfaces,Illustrative synthetic spectrum. Not a measured material signature.,HELMET synthetic collection,,1,24,803.6220472440945,0.32385239418151457,1,,,[]
demo-3,Light concrete,Built surfaces,Illustrative synthetic spectrum. Not a measured material signature.,HELMET synthetic collection,,1,25,819.6062992125984,0.3241361844072251,1,,,[]
demo-3,Light concrete,Built surfaces,Illustrative synthetic spectrum. Not a measured material signature.,HELMET synthetic collection,,1,26,835.5905511811023,0.32438000378178694,1,,,[]
demo-3,Light concrete,Built surfaces,Illustrative synthetic spectrum. Not a measured material signature.,HELMET synthetic collection,,1,27,851.5748031496063,0.32458367228387,1,,,[]
demo-3,Light concrete,Built surfaces,Illustrative synthetic spectrum. Not a measured material signature.,HELMET synthetic collection,,1,28,867.5590551181102,0.3247470395370952,1,,,[]
demo-3,Light concrete,Built surfaces,Illustrative synthetic spectrum. Not a measured material signature.,HELMET synthetic collection,,1,29,883.5433070866142,0.3248699849210638,1,,,[]
demo-3,Light concrete,Built surfaces,Illustrative synthetic spectrum. Not a measured material signature.,HELMET synthetic collection,,1,30,899.5275590551181,0.3249524176604154,1,,,[]
demo-3,Light concrete,Built surfaces,Illustrative synthetic spectrum. Not a measured material signature.,HELMET synthetic collection,,1,31,915.511811023622,0.32499427689185145,1,,,[]
demo-3,Light concrete,Built surfaces,Illustrative synthetic spectrum. Not a measured material signature.,HELMET synthetic collection,,1,32,931.496062992126,0.3249955317090729,1,,,[]
demo-3,Light concrete,Built surfaces,Illustrative synthetic spectrum. Not a measured material signature.,HELMET synthetic collection,,1,33,947.4803149606299,0.3249561811855993,1,,,[]
demo-3,Light concrete,Built surfaces,Illustrative synthetic spectrum. Not a measured material signature.,HELMET synthetic collection,,1,34,963.4645669291339,0.32487625437545314,1,,,[]
demo-3,Light concrete,Built surfaces,Illustrative synthetic spectrum. Not a measured material signature.,HELMET synthetic collection,,1,35,979.4488188976378,0.3247558102917079,1,,,[]
demo-3,Light concrete,Built surfaces,Illustrative synthetic spectrum. Not a measured material signature.,HELMET synthetic collection,,1,36,995.4330708661417,0.32459493786291665,1,,,[]
demo-3,Light concrete,Built surfaces,Illustrative synthetic spectrum. Not a measured material signature.,HELMET synthetic collection,,1,37,1011.4173228346457,0.3243937558674523,1,,,[]
demo-3,Light concrete,Built surfaces,Illustrative synthetic spectrum. Not a measured material signature.,HELMET synthetic collection,,1,38,1027.4015748031497,0.32415241284580926,1,,,[]
demo-3,Light concrete,Built surfaces,Illustrative synthetic spectrum. Not a measured material signature.,HELMET synthetic collection,,1,39,1043.3858267716537,0.32387108699093,1,,,[]
demo-3,Light concrete,Built surfaces,Illustrative synthetic spectrum. Not a measured material signature.,HELMET synthetic collection,,1,40,1059.3700787401576,0.32354998601663826,1,,,[]
demo-3,Light concrete,Built surfaces,Illustrative synthetic spectrum. Not a measured material signature.,HELMET synthetic collection,,1,41,1075.3543307086616,0.3231893470042761,1,,,[]
demo-3,Light concrete,Built surfaces,Illustrative synthetic spectrum. Not a measured material signature.,HELMET synthetic collection,,1,42,1091.3385826771655,0.3227894362276572,1,,,[]
demo-3,Light concrete,Built surfaces,Illustrative synthetic spectrum. Not a measured material signature.,HELMET synthetic collection,,1,43,1107.3228346456694,0.32235054895646664,1,,,[]
demo-3,Light concrete,Built surfaces,Illustrative synthetic spectrum. Not a measured material signature.,HELMET synthetic collection,,1,44,1123.3070866141734,0.32187300923825196,1,,,[]
demo-3,Light concrete,Built surfaces,Illustrative synthetic spectrum. Not a measured material signature.,HELMET synthetic collection,,1,45,1139.2913385826773,0.3213571696591661,1,,,[]
demo-3,Light concrete,Built surfaces,Illustrative synthetic spectrum. Not a measured material signature.,HELMET synthetic collection,,1,46,1155.2755905511813,0.3208034110836393,1,,,[]
demo-3,Light concrete,Built surfaces,Illustrative synthetic spectrum. Not a measured material signature.,HELMET synthetic collection,,1,47,1171.2598425196852,0.32021214237317225,1,,,[]
demo-3,Light concrete,Built surfaces,Illustrative synthetic spectrum. Not a measured material signature.,HELMET synthetic collection,,1,48,1187.244094488189,0.31958380008445747,1,,,[]
demo-3,Light concrete,Built surfaces,Illustrative synthetic spectrum. Not a measured material signature.,HELMET synthetic collection,,1,49,1203.2283464566929,0.31891884814705285,1,,,[]
demo-3,Light concrete,Built surfaces,Illustrative synthetic spectrum. Not a measured material signature.,HELMET synthetic collection,,1,50,1219.2125984251968,0.318217777520844,1,,,[]
demo-3,Light concrete,Built surfaces,Illustrative synthetic spectrum. Not a measured material signature.,HELMET synthetic collection,,1,51,1235.1968503937007,0.31748110583354994,1,,,[]
demo-3,Light concrete,Built surfaces,Illustrative synthetic spectrum. Not a measured material signature.,HELMET synthetic collection,,1,52,1251.1811023622047,0.316709376998538,1,,,[]
demo-3,Light concrete,Built surfaces,Illustrative synthetic spectrum. Not a measured material signature.,HELMET synthetic collection,,1,53,1267.1653543307086,0.31590316081323166,1,,,[]
demo-3,Light concrete,Built surfaces,Illustrative synthetic spectrum. Not a measured material signature.,HELMET synthetic collection,,1,54,1283.1496062992126,0.31506305253840694,1,,,[]
demo-3,Light concrete,Built surfaces,Illustrative synthetic spectrum. Not a measured material signature.,HELMET synthetic collection,,1,55,1299.1338582677165,0.3141896724586879,1,,,[]
demo-3,Light concrete,Built surfaces,Illustrative synthetic spectrum. Not a measured material signature.,HELMET synthetic collection,,1,56,1315.1181102362204,0.3132836654245668,1,,,[]
demo-3,Light concrete,Built surfaces,Illustrative synthetic spectrum. Not a measured material signature.,HELMET synthetic collection,,1,57,1331.1023622047244,0.3123457003762858,1,,,[]
demo-3,Light concrete,Built surfaces,Illustrative synthetic spectrum. Not a measured material signature.,HELMET synthetic collection,,1,58,1347.0866141732283,0.31137646984993206,1,,,[]
demo-3,Light concrete,Built surfaces,Illustrative synthetic spectrum. Not a measured material signature.,HELMET synthetic collection,,1,59,1363.0708661417323,,0,,,[]
demo-3,Light concrete,Built surfaces,Illustrative synthetic spectrum. Not a measured material signature.,HELMET synthetic collection,,1,60,1379.0551181102362,,0,,,[]
demo-3,Light concrete,Built surfaces,Illustrative synthetic spectrum. Not a measured material signature.,HELMET synthetic collection,,1,61,1395.0393700787401,,0,,,[]
demo-3,Light concrete,Built surfaces,Illustrative synthetic spectrum. Not a measured material signature.,HELMET synthetic collection,,1,62,1411.023622047244,,0,,,[]
demo-3,Light concrete,Built surfaces,Illustrative synthetic spectrum. Not a measured material signature.,HELMET synthetic collection,,1,63,1427.007874015748,,0,,,[]
demo-3,Light concrete,Built surfaces,Illustrative synthetic spectrum. Not a measured material signature.,HELMET synthetic collection,,1,64,1442.992125984252,,0,,,[]
demo-3,Light concrete,Built surfaces,Illustrative synthetic spectrum. Not a measured material signature.,HELMET synthetic collection,,1,65,1458.976377952756,0.30377930696180305,1,,,[]
demo-3,Light concrete,Built surfaces,Illustrative synthetic spectrum. Not a measured material signature.,HELMET synthetic collection,,1,66,1474.9606299212599,0.30258753898356344,1,,,[]
demo-3,Light concrete,Built surfaces,Illustrative synthetic spectrum. Not a measured material signature.,HELMET synthetic collection,,1,67,1490.9448818897638,0.3013717103574544,1,,,[]
demo-3,Light concrete,Built surfaces,Illustrative synthetic spectrum. Not a measured material signature.,HELMET synthetic collection,,1,68,1506.9291338582677,0.3001327187770533,1,,,[]
demo-3,Light concrete,Built surfaces,Illustrative synthetic spectrum. Not a measured material signature.,HELMET synthetic collection,,1,69,1522.9133858267717,0.2988714790380475,1,,,[]
demo-3,Light concrete,Built surfaces,Illustrative synthetic spectrum. Not a measured material signature.,HELMET synthetic collection,,1,70,1538.8976377952756,0.2975889223628057,1,,,[]
demo-3,Light concrete,Built surfaces,Illustrative synthetic spectrum. Not a measured material signature.,HELMET synthetic collection,,1,71,1554.8818897637796,0.29628599571281977,1,,,[]
demo-3,Light concrete,Built surfaces,Illustrative synthetic spectrum. Not a measured material signature.,HELMET synthetic collection,,1,72,1570.8661417322835,0.2949636610895265,1,,,[]
demo-3,Light concrete,Built surfaces,Illustrative synthetic spectrum. Not a measured material signature.,HELMET synthetic collection,,1,73,1586.8503937007874,0.29362289482402415,1,,,[]
demo-3,Light concrete,Built surfaces,Illustrative synthetic spectrum. Not a measured material signature.,HELMET synthetic collection,,1,74,1602.8346456692914,0.29226468685620843,1,,,[]
demo-3,Light concrete,Built surfaces,Illustrative synthetic spectrum. Not a measured material signature.,HELMET synthetic collection,,1,75,1618.8188976377953,0.2908900400038588,1,,,[]
demo-3,Light concrete,Built surfaces,Illustrative synthetic spectrum. Not a measured material signature.,HELMET synthetic collection,,1,76,1634.8031496062993,0.28949996922220883,1,,,[]
demo-3,Light concrete,Built surfaces,Illustrative synthetic spectrum. Not a measured material signature.,HELMET synthetic collection,,1,77,1650.7874015748032,0.28809550085453167,1,,,[]
demo-3,Light concrete,Built surfaces,Illustrative synthetic spectrum. Not a measured material signature.,HELMET synthetic collection,,1,78,1666.7716535433071,0.28667767187423765,1,,,[]
demo-3,Light concrete,Built surfaces,Illustrative synthetic spectrum. Not a measured material signature.,HELMET synthetic collection,,1,79,1682.755905511811,0.285247529118874,1,,,[]
demo-3,Light concrete,Built surfaces,Illustrative synthetic spectrum. Not a measured material signature.,HELMET synthetic collection,,1,80,1698.740157480315,0.28380612851608217,1,,,[]
demo-3,Light concrete,Built surfaces,Illustrative synthetic spectrum. Not a measured material signature.,HELMET synthetic collection,,1,81,1714.724409448819,0.28235453430060814,1,,,[]
demo-3,Light concrete,Built surfaces,Illustrative synthetic spectrum. Not a measured material signature.,HELMET synthetic collection,,1,82,1730.708661417323,0.28089381821885073,1,,,[]
demo-3,Light concrete,Built surfaces,Illustrative synthetic spectrum. Not a measured material signature.,HELMET synthetic collection,,1,83,1746.6929133858268,0.2794250587105777,1,,,[]
demo-3,Light concrete,Built surfaces,Illustrative synthetic spectrum. Not a measured material signature.,HELMET synthetic collection,,1,84,1762.6771653543308,0.27794934004023913,1,,,[]
demo-3,Light concrete,Built surfaces,Illustrative synthetic spectrum. Not a measured material signature.,HELMET synthetic collection,,1,85,1778.6614173228347,0.27646775130887663,1,,,[]
demo-3,Light concrete,Built surfaces,Illustrative synthetic spectrum. Not a measured material signature.,HELMET synthetic collection,,1,86,1794.6456692913387,0.27498138518208776,1,,,[]
demo-3,Light concrete,Built surfaces,Illustrative synthetic spectrum. Not a measured material signature.,HELMET synthetic collection,,1,87,1810.6299212598426,,0,,,[]
demo-3,Light concrete,Built surfaces,Illustrative synthetic spectrum. Not a measured material signature.,HELMET synthetic collection,,1,88,1826.6141732283465,,0,,,[]
demo-3,Light concrete,Built surfaces,Illustrative synthetic spectrum. Not a measured material signature.,HELMET synthetic collection,,1,89,1842.5984251968505,,0,,,[]
demo-3,Light concrete,Built surfaces,Illustrative synthetic spectrum. Not a measured material signature.,HELMET synthetic collection,,1,90,1858.5826771653544,,0,,,[]
demo-3,Light concrete,Built surfaces,Illustrative synthetic spectrum. Not a measured material signature.,HELMET synthetic collection,,1,91,1874.5669291338584,,0,,,[]
demo-3,Light concrete,Built surfaces,Illustrative synthetic spectrum. Not a measured material signature.,HELMET synthetic collection,,1,92,1890.5511811023623,,0,,,[]
demo-3,Light concrete,Built surfaces,Illustrative synthetic spectrum. Not a measured material signature.,HELMET synthetic collection,,1,93,1906.5354330708662,,0,,,[]
demo-3,Light concrete,Built surfaces,Illustrative synthetic spectrum. Not a measured material signature.,HELMET synthetic collection,,1,94,1922.5196850393702,,0,,,[]
demo-3,Light concrete,Built surfaces,Illustrative synthetic spectrum. Not a measured material signature.,HELMET synthetic collection,,1,95,1938.5039370078741,,0,,,[]
demo-3,Light concrete,Built surfaces,Illustrative synthetic spectrum. Not a measured material signature.,HELMET synthetic collection,,1,96,1954.4881889763778,0.26007518415009445,1,,,[]
demo-3,Light concrete,Built surfaces,Illustrative synthetic spectrum. Not a measured material signature.,HELMET synthetic collection,,1,97,1970.4724409448818,0.2585880309143455,1,,,[]
demo-3,Light concrete,Built surfaces,Illustrative synthetic spectrum. Not a measured material signature.,HELMET synthetic collection,,1,98,1986.4566929133857,0.25709209801745886,1,,,[]
demo-3,Light concrete,Built surfaces,Illustrative synthetic spectrum. Not a measured material signature.,HELMET synthetic collection,,1,99,2002.4409448818897,0.25557665504776245,1,,,[]
demo-3,Light concrete,Built surfaces,Illustrative synthetic spectrum. Not a measured material signature.,HELMET synthetic collection,,1,100,2018.4251968503936,0.25402467508583243,1,,,[]
demo-3,Light concrete,Built surfaces,Illustrative synthetic spectrum. Not a measured material signature.,HELMET synthetic collection,,1,101,2034.4094488188975,0.25241075173498695,1,,,[]
demo-3,Light concrete,Built surfaces,Illustrative synthetic spectrum. Not a measured material signature.,HELMET synthetic collection,,1,102,2050.3937007874015,0.250699119719937,1,,,[]
demo-3,Light concrete,Built surfaces,Illustrative synthetic spectrum. Not a measured material signature.,HELMET synthetic collection,,1,103,2066.3779527559054,0.2488423432593301,1,,,[]
demo-3,Light concrete,Built surfaces,Illustrative synthetic spectrum. Not a measured material signature.,HELMET synthetic collection,,1,104,2082.3622047244094,0.24678145716699634,1,,,[]
demo-3,Light concrete,Built surfaces,Illustrative synthetic spectrum. Not a measured material signature.,HELMET synthetic collection,,1,105,2098.3464566929133,0.24444847038013356,1,,,[]
demo-3,Light concrete,Built surfaces,Illustrative synthetic spectrum. Not a measured material signature.,HELMET synthetic collection,,1,106,2114.3307086614172,0.24177206214380786,1,,,[]
demo-3,Light concrete,Built surfaces,Illustrative synthetic spectrum. Not a measured material signature.,HELMET synthetic collection,,1,107,2130.314960629921,0.23868691881453163,1,,,[]
demo-3,Light concrete,Built surfaces,Illustrative synthetic spectrum. Not a measured material signature.,HELMET synthetic collection,,1,108,2146.299212598425,0.2351464324694363,1,,,[]
demo-3,Light concrete,Built surfaces,Illustrative synthetic spectrum. Not a measured material signature.,HELMET synthetic collection,,1,109,2162.283464566929,0.23113747572843965,1,,,[]
demo-3,Light concrete,Built surfaces,Illustrative synthetic spectrum. Not a measured material signature.,HELMET synthetic collection,,1,110,2178.267716535433,0.22669487996674342,1,,,[]
demo-3,Light concrete,Built surfaces,Illustrative synthetic spectrum. Not a measured material signature.,HELMET synthetic collection,,1,111,2194.251968503937,0.2219123950920663,1,,,[]
demo-3,Light concrete,Built surfaces,Illustrative synthetic spectrum. Not a measured material signature.,HELMET synthetic collection,,1,112,2210.236220472441,0.2169466618637311,1,,,[]
demo-3,Light concrete,Built surfaces,Illustrative synthetic spectrum. Not a measured material signature.,HELMET synthetic collection,,1,113,2226.220472440945,0.21201136758226033,1,,,[]
demo-3,Light concrete,Built surfaces,Illustrative synthetic spectrum. Not a measured material signature.,HELMET synthetic collection,,1,114,2242.2047244094488,0.20736035447715467,1,,,[]
demo-3,Light concrete,Built surfaces,Illustrative synthetic spectrum. Not a measured material signature.,HELMET synthetic collection,,1,115,2258.1889763779527,0.20326077387222824,1,,,[]
demo-3,Light concrete,Built surfaces,Illustrative synthetic spectrum. Not a measured material signature.,HELMET synthetic collection,,1,116,2274.1732283464567,0.19995989560196137,1,,,[]
demo-3,Light concrete,Built surfaces,Illustrative synthetic spectrum. Not a measured material signature.,HELMET synthetic collection,,1,117,2290.1574803149606,0.197651185162714,1,,,[]
demo-3,Light concrete,Built surfaces,Illustrative synthetic spectrum. Not a measured material signature.,HELMET synthetic collection,,1,118,2306.1417322834645,0.19644609059248125,1,,,[]
demo-3,Light concrete,Built surfaces,Illustrative synthetic spectrum. Not a measured material signature.,HELMET synthetic collection,,1,119,2322.1259842519685,0.196357261685463,1,,,[]
demo-3,Light concrete,Built surfaces,Illustrative synthetic spectrum. Not a measured material signature.,HELMET synthetic collection,,1,120,2338.1102362204724,0.19729672834161127,1,,,[]
demo-3,Light concrete,Built surfaces,Illustrative synthetic spectrum. Not a measured material signature.,HELMET synthetic collection,,1,121,2354.0944881889764,0.19908942568723653,1,,,[]
demo-3,Light concrete,Built surfaces,Illustrative synthetic spectrum. Not a measured material signature.,HELMET synthetic collection,,1,122,2370.0787401574803,0.20149920943471028,1,,,[]
demo-3,Light concrete,Built surfaces,Illustrative synthetic spectrum. Not a measured material signature.,HELMET synthetic collection,,1,123,2386.0629921259842,0.20426202854287792,1,,,[]
demo-3,Light concrete,Built surfaces,Illustrative synthetic spectrum. Not a measured material signature.,HELMET synthetic collection,,1,124,2402.047244094488,0.20711983669728512,1,,,[]
demo-3,Light concrete,Built surfaces,Illustrative synthetic spectrum. Not a measured material signature.,HELMET synthetic collection,,1,125,2418.031496062992,0.20984931379920907,1,,,[]
demo-3,Light concrete,Built surfaces,Illustrative synthetic spectrum. Not a measured material signature.,HELMET synthetic collection,,1,126,2434.015748031496,0.21228125192043562,1,,,[]
demo-3,Light concrete,Built surfaces,Illustrative synthetic spectrum. Not a measured material signature.,HELMET synthetic collection,,1,127,2450.0,0.21430892283187863,1,,,[]
demo-4,Terracotta roof,Built surfaces,Illustrative synthetic spectrum. Not a measured material signature.,HELMET synthetic collection,,0,0,420.0,0.12760385725856968,1,,,[]
demo-4,Terracotta roof,Built surfaces,Illustrative synthetic spectrum. Not a measured material signature.,HELMET synthetic collection,,0,1,435.98425196850394,0.12942311584886915,1,,,[]
demo-4,Terracotta roof,Built surfaces,Illustrative synthetic spectrum. Not a measured material signature.,HELMET synthetic collection,,0,2,451.9685039370079,0.13163937494543823,1,,,[]
demo-4,Terracotta roof,Built surfaces,Illustrative synthetic spectrum. Not a measured material signature.,HELMET synthetic collection,,0,3,467.9527559055118,0.13431972162606554,1,,,[]
demo-4,Terracotta roof,Built surfaces,Illustrative synthetic spectrum. Not a measured material signature.,HELMET synthetic collection,,0,4,483.93700787401576,0.1375329962589262,1,,,[]
demo-4,Terracotta roof,Built surfaces,Illustrative synthetic spectrum. Not a measured material signature.,HELMET synthetic collection,,0,5,499.9212598425197,0.14134485579722048,1,,,[]
demo-4,Terracotta roof,Built surfaces,Illustrative synthetic spectrum. Not a measured material signature.,HELMET synthetic collection,,0,6,515.9055118110236,0.14581079149169274,1,,,[]
demo-4,Terracotta roof,Built surfaces,Illustrative synthetic spectrum. Not a measured material signature.,HELMET synthetic collection,,0,7,531.8897637795276,0.15096726063796465,1,,,[]
demo-4,Terracotta roof,Built surfaces,Illustrative synthetic spectrum. Not a measured material signature.,HELMET synthetic collection,,0,8,547.8740157480315,0.15682170029094786,1,,,[]
demo-4,Terracotta roof,Built surfaces,Illustrative synthetic spectrum. Not a measured material signature.,HELMET synthetic collection,,0,9,563.8582677165355,0.16334296015796224,1,,,[]
demo-4,Terracotta roof,Built surfaces,Illustrative synthetic spectrum. Not a measured material signature.,HELMET synthetic collection,,0,10,579.8425196850394,0.17045439175351618,1,,,[]
demo-4,Terracotta roof,Built surfaces,Illustrative synthetic spectrum. Not a measured material signature.,HELMET synthetic collection,,0,11,595.8267716535433,0.17803208532063527,1,,,[]
demo-4,Terracotta roof,Built surfaces,Illustrative synthetic spectrum. Not a measured material signature.,HELMET synthetic collection,,0,12,611.8110236220473,0.18591017504914017,1,,,[]
demo-4,Terracotta roof,Built surfaces,Illustrative synthetic spectrum. Not a measured material signature.,HELMET synthetic collection,,0,13,627.7952755905512,0.19389361480614103,1,,,[]
demo-4,Terracotta roof,Built surfaces,Illustrative synthetic spectrum. Not a measured material signature.,HELMET synthetic collection,,0,14,643.7795275590552,0.20177672696478324,1,,,[]
demo-4,Terracotta roof,Built surfaces,Illustrative synthetic spectrum. Not a measured material signature.,HELMET synthetic collection,,0,15,659.7637795275591,0.209363963234369,1,,,[]
demo-4,Terracotta roof,Built surfaces,Illustrative synthetic spectrum. Not a measured material signature.,HELMET synthetic collection,,0,16,675.748031496063,0.216488556697516,1,,,[]
demo-4,Terracotta roof,Built surfaces,Illustrative synthetic spectrum. Not a measured material signature.,HELMET synthetic collection,,0,17,691.732283464567,0.2230254690380748,1,,,[]
demo-4,Terracotta roof,Built surfaces,Illustrative synthetic spectrum. Not a measured material signature.,HELMET synthetic collection,,0,18,707.7165354330709,0.2288968828943539,1,,,[]
demo-4,Terracotta roof,Built surfaces,Illustrative synthetic spectrum. Not a measured material signature.,HELMET synthetic collection,,0,19,723.7007874015749,0.23407059419282272,1,,,[]
demo-4,Terracotta roof,Built surfaces,Illustrative synthetic spectrum. Not a measured material signature.,HELMET synthetic collection,,0,20,739.6850393700788,0.23855319858040197,1,,,[]
demo-4,Terracotta roof,Built surfaces,Illustrative synthetic spectrum. Not a measured material signature.,HELMET synthetic collection,,0,21,755.6692913385828,0.24238056057619478,1,,,[]
demo-4,Terracotta roof,Built surfaces,Illustrative synthetic spectrum. Not a measured material signature.,HELMET synthetic collection,,0,22,771.6535433070867,0.2456078158728225,1,,,[]
demo-4,Terracotta roof,Built surfaces,Illustrative synthetic spectrum. Not a measured material signature.,HELMET synthetic collection,,0,23,787.6377952755906,0.24830046337334108,1,,,[]
demo-4,Terracotta roof,Built surfaces,Illustrative synthetic spectrum. Not a measured material signature.,HELMET synthetic collection,,0,24,803.6220472440945,0.25052733250645143,1,,,[]
demo-4,Terracotta roof,Built surfaces,Illustrative synthetic spectrum. Not a measured material signature.,HELMET synthetic collection,,0,25,819.6062992125984,0.25235559764387905,1,,,[]
demo-4,Terracotta roof,Built surfaces,Illustrative synthetic spectrum. Not a measured material signature.,HELMET synthetic collection,,0,26,835.5905511811023,0.25384763192275983,1,,,[]
demo-4,Terracotta roof,Built surfaces,Illustrative synthetic spectrum. Not a measured material signature.,HELMET synthetic collection,,0,27,851.5748031496063,0.2550593217052924,1,,,[]
demo-4,Terracotta roof,Built surfaces,Illustrative synthetic spectrum. Not a measured material signature.,HELMET synthetic collection,,0,28,867.5590551181102,0.2560394342886981,1,,,[]
demo-4,Terracotta roof,Built surfaces,Illustrative synthetic spectrum. Not a measured material signature.,HELMET synthetic collection,,0,29,883.5433070866142,0.25682967992376926,1,,,[]
demo-4,Terracotta roof,Built surfaces,Illustrative synthetic spectrum. Not a measured material signature.,HELMET synthetic collection,,0,30,899.5275590551181,0.2574651870276597,1,,,[]
demo-4,Terracotta roof,Built surfaces,Illustrative synthetic spectrum. Not a measured material signature.,HELMET synthetic collection,,0,31,915.511811023622,0.2579751885691036,1,,,[]
demo-4,Terracotta roof,Built surfaces,Illustrative synthetic spectrum. Not a measured material signature.,HELMET synthetic collection,,0,32,931.496062992126,0.25838378480337104,1,,,[]
demo-4,Terracotta roof,Built surfaces,Illustrative synthetic spectrum. Not a measured material signature.,HELMET synthetic collection,,0,33,947.4803149606299,0.2587106989523765,1,,,[]
demo-4,Terracotta roof,Built surfaces,Illustrative synthetic spectrum. Not a measured material signature.,HELMET synthetic collection,,0,34,963.4645669291339,0.2589719789411957,1,,,[]
demo-4,Terracotta roof,Built surfaces,Illustrative synthetic spectrum. Not a measured material signature.,HELMET synthetic collection,,0,35,979.4488188976378,0.2591806226806044,1,,,[]
demo-4,Terracotta roof,Built surfaces,Illustrative synthetic spectrum. Not a measured material signature.,HELMET synthetic collection,,0,36,995.4330708661417,0.2593471197164448,1,,,[]
demo-4,Terracotta roof,Built surfaces,Illustrative synthetic spectrum. Not a measured material signature.,HELMET synthetic collection,,0,37,1011.4173228346457,0.25947991106661755,1,,,[]
demo-4,Terracotta roof,Built surfaces,Illustrative synthetic spectrum. Not a measured material signature.,HELMET synthetic collection,,0,38,1027.4015748031497,0.25958577385838777,1,,,[]
demo-4,Terracotta roof,Built surfaces,Illustrative synthetic spectrum. Not a measured material signature.,HELMET synthetic collection,,0,39,1043.3858267716537,0.25967013950546675,1,,,[]
demo-4,Terracotta roof,Built surfaces,Illustrative synthetic spectrum. Not a measured material signature.,HELMET synthetic collection,,0,40,1059.3700787401576,0.25973735468990866,1,,,[]
demo-4,Terracotta roof,Built surfaces,Illustrative synthetic spectrum. Not a measured material signature.,HELMET synthetic collection,,0,41,1075.3543307086616,0.25979089404112027,1,,,[]
demo-4,Terracotta roof,Built surfaces,Illustrative synthetic spectrum. Not a measured material signature.,HELMET synthetic collection,,0,42,1091.3385826771655,0.2598335325795761,1,,,[]
demo-4,Terracotta roof,Built surfaces,Illustrative synthetic spectrum. Not a measured material signature.,HELMET synthetic collection,,0,43,1107.3228346456694,0.2598674849880306,1,,,[]
demo-4,Terracotta roof,Built surfaces,Illustrative synthetic spectrum. Not a measured material signature.,HELMET synthetic collection,,0,44,1123.3070866141734,0.2598945177454355,1,,,[]
demo-4,Terracotta roof,Built surfaces,Illustrative synthetic spectrum. Not a measured material signature.,HELMET synthetic collection,,0,45,1139.2913385826773,0.2599160391929184,1,,,[]
demo-4,Terracotta roof,Built surfaces,Illustrative synthetic spectrum. Not a measured material signature.,HELMET synthetic collection,,0,46,1155.2755905511813,0.2599331717368467,1,,,[]
demo-4,Terracotta roof,Built surfaces,Illustrative synthetic spectrum. Not a measured material signature.,HELMET synthetic collection,,0,47,1171.2598425196852,0.2599468096445774,1,,,[]
demo-4,Terracotta roof,Built surfaces,Illustrative synthetic spectrum. Not a measured material signature.,HELMET synthetic collection,,0,48,1187.244094488189,0.2599576652525869,1,,,[]
demo-4,Terracotta roof,Built surfaces,Illustrative synthetic spectrum. Not a measured material signature.,HELMET synthetic collection,,0,49,1203.2283464566929,0.25996630587534775,1,,,[]
demo-4,Terracotta roof,Built surfaces,Illustrative synthetic spectrum. Not a measured material signature.,HELMET synthetic collection,,0,50,1219.2125984251968,0.25997318326433777,1,,,[]
demo-4,Terracotta roof,Built surfaces,Illustrative synthetic spectrum. Not a measured material signature.,HELMET synthetic collection,,0,51,1235.1968503937007,0.25997865710693935,1,,,[]
demo-4,Terracotta roof,Built surfaces,Illustrative synthetic spectrum. Not a measured material signature.,HELMET synthetic collection,,0,52,1251.1811023622047,0.25998301376223315,1,,,[]
demo-4,Terracotta roof,Built surfaces,Illustrative synthetic spectrum. Not a measured material signature.,HELMET synthetic collection,,0,53,1267.1653543307086,0.2599864811935493,1,,,[]
demo-4,Terracotta roof,Built surfaces,Illustrative synthetic spectrum. Not a measured material signature.,HELMET synthetic collection,,0,54,1283.1496062992126,0.25998924086626696,1,,,[]
demo-4,Terracotta roof,Built surfaces,Illustrative synthetic spectrum. Not a measured material signature.,HELMET synthetic collection,,0,55,1299.1338582677165,0.25999143722537493,1,,,[]
demo-4,Terracotta roof,Built surfaces,Illustrative synthetic spectrum. Not a measured material signature.,HELMET synthetic collection,,0,56,1315.1181102362204,0.25999318524369486,1,,,[]
demo-4,Terracotta roof,Built surfaces,Illustrative synthetic spectrum. Not a measured material signature.,HELMET synthetic collection,,0,57,1331.1023622047244,0.25999457643262225,1,,,[]
demo-4,Terracotta roof,Built surfaces,Illustrative synthetic spectrum. Not a measured material signature.,HELMET synthetic collection,,0,58,1347.0866141732283,0.2599956836279817,1,,,[]
demo-4,Terracotta roof,Built surfaces,Illustrative synthetic spectrum. Not a measured material signature.,HELMET synthetic collection,,0,59,1363.0708661417323,,0,,,[]
demo-4,Terracotta roof,Built surfaces,Illustrative synthetic spectrum. Not a measured material signature.,HELMET synthetic collection,,0,60,1379.0551181102362,,0,,,[]
demo-4,Terracotta roof,Built surfaces,Illustrative synthetic spectrum. Not a measured material signature.,HELMET synthetic collection,,0,61,1395.0393700787401,,0,,,[]
demo-4,Terracotta roof,Built surfaces,Illustrative synthetic spectrum. Not a measured material signature.,HELMET synthetic collection,,0,62,1411.023622047244,,0,,,[]
demo-4,Terracotta roof,Built surfaces,Illustrative synthetic spectrum. Not a measured material signature.,HELMET synthetic collection,,0,63,1427.007874015748,,0,,,[]
demo-4,Terracotta roof,Built surfaces,Illustrative synthetic spectrum. Not a measured material signature.,HELMET synthetic collection,,0,64,1442.992125984252,,0,,,[]
demo-4,Terracotta roof,Built surfaces,Illustrative synthetic spectrum. Not a measured material signature.,HELMET synthetic collection,,0,65,1458.976377952756,0.2599991271445899,1,,,[]
demo-4,Terracotta roof,Built surfaces,Illustrative synthetic spectrum. Not a measured material signature.,HELMET synthetic collection,,0,66,1474.9606299212599,0.25999930533846005,1,,,[]
demo-4,Terracotta roof,Built surfaces,Illustrative synthetic spectrum. Not a measured material signature.,HELMET synthetic collection,,0,67,1490.9448818897638,0.25999944715410583,1,,,[]
demo-4,Terracotta roof,Built surfaces,Illustrative synthetic spectrum. Not a measured material signature.,HELMET synthetic collection,,0,68,1506.9291338582677,0.25999956001807795,1,,,[]
demo-4,Terracotta roof,Built surfaces,Illustrative synthetic spectrum. Not a measured material signature.,HELMET synthetic collection,,0,69,1522.9133858267717,0.25999964984082924,1,,,[]
demo-4,Terracotta roof,Built surfaces,Illustrative synthetic spectrum. Not a measured material signature.,HELMET synthetic collection,,0,70,1538.8976377952756,0.2599997213262121,1,,,[]
demo-4,Terracotta roof,Built surfaces,Illustrative synthetic spectrum. Not a measured material signature.,HELMET synthetic collection,,0,71,1554.8818897637796,0.2599997782177976,1,,,[]
demo-4,Terracotta roof,Built surfaces,Illustrative synthetic spectrum. Not a measured material signature.,HELMET synthetic collection,,0,72,1570.8661417322835,0.2599998234949116,1,,,[]
demo-4,Terracotta roof,Built surfaces,Illustrative synthetic spectrum. Not a measured material signature.,HELMET synthetic collection,,0,73,1586.8503937007874,0.25999985952864935,1,,,[]
demo-4,Terracotta roof,Built surfaces,Illustrative synthetic spectrum. Not a measured material signature.,HELMET synthetic collection,,0,74,1602.8346456692914,0.2599998882060327,1,,,[]
demo-4,Terracotta roof,Built surfaces,Illustrative synthetic spectrum. Not a measured material signature.,HELMET synthetic collection,,0,75,1618.8188976377953,0.25999991102878434,1,,,[]
demo-4,Terracotta roof,Built surfaces,Illustrative synthetic spectrum. Not a measured material signature.,HELMET synthetic collection,,0,76,1634.8031496062993,0.2599999291917965,1,,,[]
demo-4,Terracotta roof,Built surfaces,Illustrative synthetic spectrum. Not a measured material signature.,HELMET synthetic collection,,0,77,1650.7874015748032,0.2599999436450541,1,,,[]
demo-4,Terracotta roof,Built surfaces,Illustrative synthetic spectrum. Not a measured material signature.,HELMET synthetic collection,,0,78,1666.7716535433071,0.2599999551410522,1,,,[]
demo-4,Terracotta roof,Built surfaces,Illustrative synthetic spectrum. Not a measured material signature.,HELMET synthetic collection,,0,79,1682.755905511811,0.2599999642662082,1,,,[]
demo-4,Terracotta roof,Built surfaces,Illustrative synthetic spectrum. Not a measured material signature.,HELMET synthetic collection,,0,80,1698.740157480315,0.2599999714453746,1,,,[]
demo-4,Terracotta roof,Built surfaces,Illustrative synthetic spectrum. Not a measured material signature.,HELMET synthetic collection,,0,81,1714.724409448819,0.25999997688205845,1,,,[]
demo-4,Terracotta roof,Built surfaces,Illustrative synthetic spectrum. Not a measured material signature.,HELMET synthetic collection,,0,82,1730.708661417323,0.25999998032380667,1,,,[]
demo-4,Terracotta roof,Built surfaces,Illustrative synthetic spectrum. Not a measured material signature.,HELMET synthetic collection,,0,83,1746.6929133858268,0.25999998034908983,1,,,[]
demo-4,Terracotta roof,Built surfaces,Illustrative synthetic spectrum. Not a measured material signature.,HELMET synthetic collection,,0,84,1762.6771653543308,0.2599999723882947,1,,,[]
demo-4,Terracotta roof,Built surfaces,Illustrative synthetic spectrum. Not a measured material signature.,HELMET synthetic collection,,0,85,1778.6614173228347,0.2599999435464508,1,,,[]
demo-4,Terracotta roof,Built surfaces,Illustrative synthetic spectrum. Not a measured material signature.,HELMET synthetic collection,,0,86,1794.6456692913387,0.25999985974278417,1,,,[]
demo-4,Terracotta roof,Built surfaces,Illustrative synthetic spectrum. Not a measured material signature.,HELMET synthetic collection,,0,87,1810.6299212598426,,0,,,[]
demo-4,Terracotta roof,Built surfaces,Illustrative synthetic spectrum. Not a measured material signature.,HELMET synthetic collection,,0,88,1826.6141732283465,,0,,,[]
demo-4,Terracotta roof,Built surfaces,Illustrative synthetic spectrum. Not a measured material signature.,HELMET synthetic collection,,0,89,1842.5984251968505,,0,,,[]
demo-4,Terracotta roof,Built surfaces,Illustrative synthetic spectrum. Not a measured material signature.,HELMET synthetic collection,,0,90,1858.5826771653544,,0,,,[]
demo-4,Terracotta roof,Built surfaces,Illustrative synthetic spectrum. Not a measured material signature.,HELMET synthetic collection,,0,91,1874.5669291338584,,0,,,[]
demo-4,Terracotta roof,Built surfaces,Illustrative synthetic spectrum. Not a measured material signature.,HELMET synthetic collection,,0,92,1890.5511811023623,,0,,,[]
demo-4,Terracotta roof,Built surfaces,Illustrative synthetic spectrum. Not a measured material signature.,HELMET synthetic collection,,0,93,1906.5354330708662,,0,,,[]
demo-4,Terracotta roof,Built surfaces,Illustrative synthetic spectrum. Not a measured material signature.,HELMET synthetic collection,,0,94,1922.5196850393702,,0,,,[]
demo-4,Terracotta roof,Built surfaces,Illustrative synthetic spectrum. Not a measured material signature.,HELMET synthetic collection,,0,95,1938.5039370078741,,0,,,[]
demo-4,Terracotta roof,Built surfaces,Illustrative synthetic spectrum. Not a measured material signature.,HELMET synthetic collection,,0,96,1954.4881889763778,0.25954933982591183,1,,,[]
demo-4,Terracotta roof,Built surfaces,Illustrative synthetic spectrum. Not a measured material signature.,HELMET synthetic collection,,0,97,1970.4724409448818,0.25918439724939196,1,,,[]
demo-4,Terracotta roof,Built surfaces,Illustrative synthetic spectrum. Not a measured material signature.,HELMET synthetic collection,,0,98,1986.4566929133857,0.2585816911532905,1,,,[]
demo-4,Terracotta roof,Built surfaces,Illustrative synthetic spectrum. Not a measured material signature.,HELMET synthetic collection,,0,99,2002.4409448818897,0.257630125016544,1,,,[]
demo-4,Terracotta roof,Built surfaces,Illustrative synthetic spectrum. Not a measured material signature.,HELMET synthetic collection,,0,100,2018.4251968503936,0.2561951065281995,1,,,[]
demo-4,Terracotta roof,Built surfaces,Illustrative synthetic spectrum. Not a measured material signature.,HELMET synthetic collection,,0,101,2034.4094488188975,0.2541302178151254,1,,,[]
demo-4,Terracotta roof,Built surfaces,Illustrative synthetic spectrum. Not a measured material signature.,HELMET synthetic collection,,0,102,2050.3937007874015,0.25129910599377664,1,,,[]
demo-4,Terracotta roof,Built surfaces,Illustrative synthetic spectrum. Not a measured material signature.,HELMET synthetic collection,,0,103,2066.3779527559054,0.24760723613206362,1,,,[]
demo-4,Terracotta roof,Built surfaces,Illustrative synthetic spectrum. Not a measured material signature.,HELMET synthetic collection,,0,104,2082.3622047244094,0.24303964752927865,1,,,[]
demo-4,Terracotta roof,Built surfaces,Illustrative synthetic spectrum. Not a measured material signature.,HELMET synthetic collection,,0,105,2098.3464566929133,0.23769696460262235,1,,,[]
demo-4,Terracotta roof,Built surfaces,Illustrative synthetic spectrum. Not a measured material signature.,HELMET synthetic collection,,0,106,2114.3307086614172,0.23181906004424918,1,,,[]
demo-4,Terracotta roof,Built surfaces,Illustrative synthetic spectrum. Not a measured material signature.,HELMET synthetic collection,,0,107,2130.314960629921,0.22578556472615624,1,,,[]
demo-4,Terracotta roof,Built surfaces,Illustrative synthetic spectrum. Not a measured material signature.,HELMET synthetic collection,,0,108,2146.299212598425,0.2200859609248727,1,,,[]
demo-4,Terracotta roof,Built surfaces,Illustrative synthetic spectrum. Not a measured material signature.,HELMET synthetic collection,,0,109,2162.283464566929,0.2152591345605498,1,,,[]
demo-4,Terracotta roof,Built surfaces,Illustrative synthetic spectrum. Not a measured material signature.,HELMET synthetic collection,,0,110,2178.267716535433,0.21181126971245073,1,,,[]
demo-4,Terracotta roof,Built surfaces,Illustrative synthetic spectrum. Not a measured material signature.,HELMET synthetic collection,,0,111,2194.251968503937,0.2101288955262207,1,,,[]
demo-4,Terracotta roof,Built surfaces,Illustrative synthetic spectrum. Not a measured material signature.,HELMET synthetic collection,,0,112,2210.236220472441,0.2104076269903448,1,,,[]
demo-4,Terracotta roof,Built surfaces,Illustrative synthetic spectrum. Not a measured material signature.,HELMET synthetic collection,,0,113,2226.220472440945,0.21261474809938805,1,,,[]
demo-4,Terracotta roof,Built surfaces,Illustrative synthetic spectrum. Not a measured material signature.,HELMET synthetic collection,,0,114,2242.2047244094488,0.2164955284359724,1,,,[]
demo-4,Terracotta roof,Built surfaces,Illustrative synthetic spectrum. Not a measured material signature.,HELMET synthetic collection,,0,115,2258.1889763779527,0.2216215878756314,1,,,[]
demo-4,Terracotta roof,Built surfaces,Illustrative synthetic spectrum. Not a measured material signature.,HELMET synthetic collection,,0,116,2274.1732283464567,0.22746861848525057,1,,,[]
demo-4,Terracotta roof,Built surfaces,Illustrative synthetic spectrum. Not a measured material signature.,HELMET synthetic collection,,0,117,2290.1574803149606,0.23350399409081163,1,,,[]
demo-4,Terracotta roof,Built surfaces,Illustrative synthetic spectrum. Not a measured material signature.,HELMET synthetic collection,,0,118,2306.1417322834645,0.23926420372670035,1,,,[]
demo-4,Terracotta roof,Built surfaces,Illustrative synthetic spectrum. Not a measured material signature.,HELMET synthetic collection,,0,119,2322.1259842519685,0.24440722461138603,1,,,[]
demo-4,Terracotta roof,Built surfaces,Illustrative synthetic spectrum. Not a measured material signature.,HELMET synthetic collection,,0,120,2338.1102362204724,0.24873351276485348,1,,,[]
demo-4,Terracotta roof,Built surfaces,Illustrative synthetic spectrum. Not a measured material signature.,HELMET synthetic collection,,0,121,2354.0944881889764,0.2521780319930239,1,,,[]
demo-4,Terracotta roof,Built surfaces,Illustrative synthetic spectrum. Not a measured material signature.,HELMET synthetic collection,,0,122,2370.0787401574803,0.2547819775663256,1,,,[]
demo-4,Terracotta roof,Built surfaces,Illustrative synthetic spectrum. Not a measured material signature.,HELMET synthetic collection,,0,123,2386.0629921259842,0.25665529169252843,1,,,[]
demo-4,Terracotta roof,Built surfaces,Illustrative synthetic spectrum. Not a measured material signature.,HELMET synthetic collection,,0,124,2402.047244094488,0.2579399727931611,1,,,[]
demo-4,Terracotta roof,Built surfaces,Illustrative synthetic spectrum. Not a measured material signature.,HELMET synthetic collection,,0,125,2418.031496062992,0.2587808698726234,1,,,[]
demo-4,Terracotta roof,Built surfaces,Illustrative synthetic spectrum. Not a measured material signature.,HELMET synthetic collection,,0,126,2434.015748031496,0.2593067504892529,1,,,[]
demo-4,Terracotta roof,Built surfaces,Illustrative synthetic spectrum. Not a measured material signature.,HELMET synthetic collection,,0,127,2450.0,0.25962121612716693,1,,,[]
demo-5,Asphalt,Built surfaces,Illustrative synthetic spectrum. Not a measured material signature.,HELMET synthetic collection,,1,0,420.0,0.08061361806069231,1,,,[]
demo-5,Asphalt,Built surfaces,Illustrative synthetic spectrum. Not a measured material signature.,HELMET synthetic collection,,1,1,435.98425196850394,0.08095895670218681,1,,,[]
demo-5,Asphalt,Built surfaces,Illustrative synthetic spectrum. Not a measured material signature.,HELMET synthetic collection,,1,2,451.9685039370079,0.08127881464366479,1,,,[]
demo-5,Asphalt,Built surfaces,Illustrative synthetic spectrum. Not a measured material signature.,HELMET synthetic collection,,1,3,467.9527559055118,0.08157268118731519,1,,,[]
demo-5,Asphalt,Built surfaces,Illustrative synthetic spectrum. Not a measured material signature.,HELMET synthetic collection,,1,4,483.93700787401576,0.08184008713421834,1,,,[]
demo-5,Asphalt,Built surfaces,Illustrative synthetic spectrum. Not a measured material signature.,HELMET synthetic collection,,1,5,499.9212598425197,0.08208060553348748,1,,,[]
demo-5,Asphalt,Built surfaces,Illustrative synthetic spectrum. Not a measured material signature.,HELMET synthetic collection,,1,6,515.9055118110236,0.08229385236395541,1,,,[]
demo-5,Asphalt,Built surfaces,Illustrative synthetic spectrum. Not a measured material signature.,HELMET synthetic collection,,1,7,531.8897637795276,0.08247948714731781,1,,,[]
demo-5,Asphalt,Built surfaces,Illustrative synthetic spectrum. Not a measured material signature.,HELMET synthetic collection,,1,8,547.8740157480315,0.08263721349175436,1,,,[]
demo-5,Asphalt,Built surfaces,Illustrative synthetic spectrum. Not a measured material signature.,HELMET synthetic collection,,1,9,563.8582677165355,0.08276677956515958,1,,,[]
demo-5,Asphalt,Built surfaces,Illustrative synthetic spectrum. Not a measured material signature.,HELMET synthetic collection,,1,10,579.8425196850394,0.08286797849722796,1,,,[]
demo-5,Asphalt,Built surfaces,Illustrative synthetic spectrum. Not a measured material signature.,HELMET synthetic collection,,1,11,595.8267716535433,0.08294064870975124,1,,,[]
demo-5,Asphalt,Built surfaces,Illustrative synthetic spectrum. Not a measured material signature.,HELMET synthetic collection,,1,12,611.8110236220473,0.08298467417460045,1,,,[]
demo-5,Asphalt,Built surfaces,Illustrative synthetic spectrum. Not a measured material signature.,HELMET synthetic collection,,1,13,627.7952755905512,0.08299998459898122,1,,,[]
demo-5,Asphalt,Built surfaces,Illustrative synthetic spectrum. Not a measured material signature.,HELMET synthetic collection,,1,14,643.7795275590552,0.0829865555376658,1,,,[]
demo-5,Asphalt,Built surfaces,Illustrative synthetic spectrum. Not a measured material signature.,HELMET synthetic collection,,1,15,659.7637795275591,0.0829444084320234,1,,,[]
demo-5,Asphalt,Built surfaces,Illustrative synthetic spectrum. Not a measured material signature.,HELMET synthetic collection,,1,16,675.748031496063,0.08287361057578603,1,,,[]
demo-5,Asphalt,Built surfaces,Illustrative synthetic spectrum. Not a measured material signature.,HELMET synthetic collection,,1,17,691.732283464567,0.08277427500760468,1,,,[]
demo-5,Asphalt,Built surfaces,Illustrative synthetic spectrum. Not a measured material signature.,HELMET synthetic collection,,1,18,707.7165354330709,0.08264656033056729,1,,,[]
demo-5,Asphalt,Built surfaces,Illustrative synthetic spectrum. Not a measured material signature.,HELMET synthetic collection,,1,19,723.7007874015749,0.08249067045896691,1,,,[]
demo-5,Asphalt,Built surfaces,Illustrative synthetic spectrum. Not a measured material signature.,HELMET synthetic collection,,1,20,739.6850393700788,0.082306854292724,1,,,[]
demo-5,Asphalt,Built surfaces,Illustrative synthetic spectrum. Not a measured material signature.,HELMET synthetic collection,,1,21,755.6692913385828,0.08209540531998302,1,,,[]
demo-5,Asphalt,Built surfaces,Illustrative synthetic spectrum. Not a measured material signature.,HELMET synthetic collection,,1,22,771.6535433070867,0.08185666114851771,1,,,[]
demo-5,Asphalt,Built surfaces,Illustrative synthetic spectrum. Not a measured material signature.,HELMET synthetic collection,,1,23,787.6377952755906,0.08159100296669314,1,,,[]
demo-5,Asphalt,Built surfaces,Illustrative synthetic spectrum. Not a measured material signature.,HELMET synthetic collection,,1,24,803.6220472440945,0.0812988549348454,1,,,[]
demo-5,Asphalt,Built surfaces,Illustrative synthetic spectrum. Not a measured material signature.,HELMET synthetic collection,,1,25,819.6062992125984,0.08098068350805036,1,,,[]
demo-5,Asphalt,Built surfaces,Illustrative synthetic spectrum. Not a measured material signature.,HELMET synthetic collection,,1,26,835.5905511811023,0.08063699669136323,1,,,[]
demo-5,Asphalt,Built surfaces,Illustrative synthetic spectrum. Not a measured material signature.,HELMET synthetic collection,,1,27,851.5748031496063,0.08026834322871751,1,,,[]
demo-5,Asphalt,Built surfaces,Illustrative synthetic spectrum. Not a measured material signature.,HELMET synthetic collection,,1,28,867.5590551181102,0.07987531172677884,1,,,[]
demo-5,Asphalt,Built surfaces,Illustrative synthetic spectrum. Not a measured material signature.,HELMET synthetic collection,,1,29,883.5433070866142,0.0794585297151524,1,,,[]
demo-5,Asphalt,Built surfaces,Illustrative synthetic spectrum. Not a measured material signature.,HELMET synthetic collection,,1,30,899.5275590551181,0.07901866264444429,1,,,[]
demo-5,Asphalt,Built surfaces,Illustrative synthetic spectrum. Not a measured material signature.,HELMET synthetic collection,,1,31,915.511811023622,0.0785564128237769,1,,,[]
demo-5,Asphalt,Built surfaces,Illustrative synthetic spectrum. Not a measured material signature.,HELMET synthetic collection,,1,32,931.496062992126,0.07807251829945447,1,,,[]
demo-5,Asphalt,Built surfaces,Illustrative synthetic spectrum. Not a measured material signature.,HELMET synthetic collection,,1,33,947.4803149606299,0.07756775167656915,1,,,[]
demo-5,Asphalt,Built surfaces,Illustrative synthetic spectrum. Not a measured material signature.,HELMET synthetic collection,,1,34,963.4645669291339,0.0770429188854293,1,,,[]
demo-5,Asphalt,Built surfaces,Illustrative synthetic spectrum. Not a measured material signature.,HELMET synthetic collection,,1,35,979.4488188976378,0.07649885789477934,1,,,[]
demo-5,Asphalt,Built surfaces,Illustrative synthetic spectrum. Not a measured material signature.,HELMET synthetic collection,,1,36,995.4330708661417,0.07593643737386577,1,,,[]
demo-5,Asphalt,Built surfaces,Illustrative synthetic spectrum. Not a measured material signature.,HELMET synthetic collection,,1,37,1011.4173228346457,0.07535655530548559,1,,,[]
demo-5,Asphalt,Built surfaces,Illustrative synthetic spectrum. Not a measured material signature.,HELMET synthetic collection,,1,38,1027.4015748031497,0.0747601375522315,1,,,[]
demo-5,Asphalt,Built surfaces,Illustrative synthetic spectrum. Not a measured material signature.,HELMET synthetic collection,,1,39,1043.3858267716537,0.07414813637822322,1,,,[]
demo-5,Asphalt,Built surfaces,Illustrative synthetic spectrum. Not a measured material signature.,HELMET synthetic collection,,1,40,1059.3700787401576,0.07352152892868491,1,,,[]
demo-5,Asphalt,Built surfaces,Illustrative synthetic spectrum. Not a measured material signature.,HELMET synthetic collection,,1,41,1075.3543307086616,0.07288131566979666,1,,,[]
demo-5,Asphalt,Built surfaces,Illustrative synthetic spectrum. Not a measured material signature.,HELMET synthetic collection,,1,42,1091.3385826771655,0.07222851879131065,1,,,[]
demo-5,Asphalt,Built surfaces,Illustrative synthetic spectrum. Not a measured material signature.,HELMET synthetic collection,,1,43,1107.3228346456694,0.07156418057448263,1,,,[]
demo-5,Asphalt,Built surfaces,Illustrative synthetic spectrum. Not a measured material signature.,HELMET synthetic collection,,1,44,1123.3070866141734,0.07088936172792464,1,,,[]
demo-5,Asphalt,Built surfaces,Illustrative synthetic spectrum. Not a measured material signature.,HELMET synthetic collection,,1,45,1139.2913385826773,0.07020513969403563,1,,,[]
demo-5,Asphalt,Built surfaces,Illustrative synthetic spectrum. Not a measured material signature.,HELMET synthetic collection,,1,46,1155.2755905511813,0.06951260692871457,1,,,[]
demo-5,Asphalt,Built surfaces,Illustrative synthetic spectrum. Not a measured material signature.,HELMET synthetic collection,,1,47,1171.2598425196852,0.06881286915710214,1,,,[]
demo-5,Asphalt,Built surfaces,Illustrative synthetic spectrum. Not a measured material signature.,HELMET synthetic collection,,1,48,1187.244094488189,0.06810704360813635,1,,,[]
demo-5,Asphalt,Built surfaces,Illustrative synthetic spectrum. Not a measured material signature.,HELMET synthetic collection,,1,49,1203.2283464566929,0.06739625723074086,1,,,[]
demo-5,Asphalt,Built surfaces,Illustrative synthetic spectrum. Not a measured material signature.,HELMET synthetic collection,,1,50,1219.2125984251968,0.06668164489449364,1,,,[]
demo-5,Asphalt,Built surfaces,Illustrative synthetic spectrum. Not a measured material signature.,HELMET synthetic collection,,1,51,1235.1968503937007,0.06596434757764959,1,,,[]
demo-5,Asphalt,Built surfaces,Illustrative synthetic spectrum. Not a measured material signature.,HELMET synthetic collection,,1,52,1251.1811023622047,0.06524551054540959,1,,,[]
demo-5,Asphalt,Built surfaces,Illustrative synthetic spectrum. Not a measured material signature.,HELMET synthetic collection,,1,53,1267.1653543307086,0.06452628152134483,1,,,[]
demo-5,Asphalt,Built surfaces,Illustrative synthetic spectrum. Not a measured material signature.,HELMET synthetic collection,,1,54,1283.1496062992126,0.06380780885489622,1,,,[]
demo-5,Asphalt,Built surfaces,Illustrative synthetic spectrum. Not a measured material signature.,HELMET synthetic collection,,1,55,1299.1338582677165,0.06309123968787413,1,,,[]
demo-5,Asphalt,Built surfaces,Illustrative synthetic spectrum. Not a measured material signature.,HELMET synthetic collection,,1,56,1315.1181102362204,0.06237771812288671,1,,,[]
demo-5,Asphalt,Built surfaces,Illustrative synthetic spectrum. Not a measured material signature.,HELMET synthetic collection,,1,57,1331.1023622047244,0.06166838339662041,1,,,[]
demo-5,Asphalt,Built surfaces,Illustrative synthetic spectrum. Not a measured material signature.,HELMET synthetic collection,,1,58,1347.0866141732283,0.060964368060889784,1,,,[]
demo-5,Asphalt,Built surfaces,Illustrative synthetic spectrum. Not a measured material signature.,HELMET synthetic collection,,1,59,1363.0708661417323,,0,,,[]
demo-5,Asphalt,Built surfaces,Illustrative synthetic spectrum. Not a measured material signature.,HELMET synthetic collection,,1,60,1379.0551181102362,,0,,,[]
demo-5,Asphalt,Built surfaces,Illustrative synthetic spectrum. Not a measured material signature.,HELMET synthetic collection,,1,61,1395.0393700787401,,0,,,[]
demo-5,Asphalt,Built surfaces,Illustrative synthetic spectrum. Not a measured material signature.,HELMET synthetic collection,,1,62,1411.023622047244,,0,,,[]
demo-5,Asphalt,Built surfaces,Illustrative synthetic spectrum. Not a measured material signature.,HELMET synthetic collection,,1,63,1427.007874015748,,0,,,[]
demo-5,Asphalt,Built surfaces,Illustrative synthetic spectrum. Not a measured material signature.,HELMET synthetic collection,,1,64,1442.992125984252,,0,,,[]
demo-5,Asphalt,Built surfaces,Illustrative synthetic spectrum. Not a measured material signature.,HELMET synthetic collection,,1,65,1458.976377952756,0.056278105957150555,1,,,[]
demo-5,Asphalt,Built surfaces,Illustrative synthetic spectrum. Not a measured material signature.,HELMET synthetic collection,,1,66,1474.9606299212599,0.055656026274433425,1,,,[]
demo-5,Asphalt,Built surfaces,Illustrative synthetic spectrum. Not a measured material signature.,HELMET synthetic collection,,1,67,1490.9448818897638,0.055048865548882886,1,,,[]
demo-5,Asphalt,Built surfaces,Illustrative synthetic spectrum. Not a measured material signature.,HELMET synthetic collection,,1,68,1506.9291338582677,0.05445759319727211,1,,,[]
demo-5,Asphalt,Built surfaces,Illustrative synthetic spectrum. Not a measured material signature.,HELMET synthetic collection,,1,69,1522.9133858267717,0.053883153268369496,1,,,[]
demo-5,Asphalt,Built surfaces,Illustrative synthetic spectrum. Not a measured material signature.,HELMET synthetic collection,,1,70,1538.8976377952756,0.05332646293563312,1,,,[]
demo-5,Asphalt,Built surfaces,Illustrative synthetic spectrum. Not a measured material signature.,HELMET synthetic collection,,1,71,1554.8818897637796,0.05278841103281542,1,,,[]
demo-5,Asphalt,Built surfaces,Illustrative synthetic spectrum. Not a measured material signature.,HELMET synthetic collection,,1,72,1570.8661417322835,0.052269856634816134,1,,,[]
demo-5,Asphalt,Built surfaces,Illustrative synthetic spectrum. Not a measured material signature.,HELMET synthetic collection,,1,73,1586.8503937007874,0.05177162768604945,1,,,[]
demo-5,Asphalt,Built surfaces,Illustrative synthetic spectrum. Not a measured material signature.,HELMET synthetic collection,,1,74,1602.8346456692914,0.05129451967851524,1,,,[]
demo-5,Asphalt,Built surfaces,Illustrative synthetic spectrum. Not a measured material signature.,HELMET synthetic collection,,1,75,1618.8188976377953,0.0508392943816852,1,,,[]
demo-5,Asphalt,Built surfaces,Illustrative synthetic spectrum. Not a measured material signature.,HELMET synthetic collection,,1,76,1634.8031496062993,0.05040667862623155,1,,,[]
demo-5,Asphalt,Built surfaces,Illustrative synthetic spectrum. Not a measured material signature.,HELMET synthetic collection,,1,77,1650.7874015748032,0.04999736314354065,1,,,[]
demo-5,Asphalt,Built surfaces,Illustrative synthetic spectrum. Not a measured material signature.,HELMET synthetic collection,,1,78,1666.7716535433071,0.049612001462863875,1,,,[]
demo-5,Asphalt,Built surfaces,Illustrative synthetic spectrum. Not a measured material signature.,HELMET synthetic collection,,1,79,1682.755905511811,0.04925120886786709,1,,,[]
demo-5,Asphalt,Built surfaces,Illustrative synthetic spectrum. Not a measured material signature.,HELMET synthetic collection,,1,80,1698.740157480315,0.048915561414244475,1,,,[]
demo-5,Asphalt,Built surfaces,Illustrative synthetic spectrum. Not a measured material signature.,HELMET synthetic collection,,1,81,1714.724409448819,0.04860559500996524,1,,,[]
demo-5,Asphalt,Built surfaces,Illustrative synthetic spectrum. Not a measured material signature.,HELMET synthetic collection,,1,82,1730.708661417323,0.048321804559621845,1,,,[]
demo-5,Asphalt,Built surfaces,Illustrative synthetic spectrum. Not a measured material signature.,HELMET synthetic collection,,1,83,1746.6929133858268,0.04806464317424576,1,,,[]
demo-5,Asphalt,Built surfaces,Illustrative synthetic spectrum. Not a measured material signature.,HELMET synthetic collection,,1,84,1762.6771653543308,0.04783452144785256,1,,,[]
demo-5,Asphalt,Built surfaces,Illustrative synthetic spectrum. Not a measured material signature.,HELMET synthetic collection,,1,85,1778.6614173228347,0.04763180680187128,1,,,[]
demo-5,Asphalt,Built surfaces,Illustrative synthetic spectrum. Not a measured material signature.,HELMET synthetic collection,,1,86,1794.6456692913387,0.04745682289850489,1,,,[]
demo-5,Asphalt,Built surfaces,Illustrative synthetic spectrum. Not a measured material signature.,HELMET synthetic collection,,1,87,1810.6299212598426,,0,,,[]
demo-5,Asphalt,Built surfaces,Illustrative synthetic spectrum. Not a measured material signature.,HELMET synthetic collection,,1,88,1826.6141732283465,,0,,,[]
demo-5,Asphalt,Built surfaces,Illustrative synthetic spectrum. Not a measured material signature.,HELMET synthetic collection,,1,89,1842.5984251968505,,0,,,[]
demo-5,Asphalt,Built surfaces,Illustrative synthetic spectrum. Not a measured material signature.,HELMET synthetic collection,,1,90,1858.5826771653544,,0,,,[]
demo-5,Asphalt,Built surfaces,Illustrative synthetic spectrum. Not a measured material signature.,HELMET synthetic collection,,1,91,1874.5669291338584,,0,,,[]
demo-5,Asphalt,Built surfaces,Illustrative synthetic spectrum. Not a measured material signature.,HELMET synthetic collection,,1,92,1890.5511811023623,,0,,,[]
demo-5,Asphalt,Built surfaces,Illustrative synthetic spectrum. Not a measured material signature.,HELMET synthetic collection,,1,93,1906.5354330708662,,0,,,[]
demo-5,Asphalt,Built surfaces,Illustrative synthetic spectrum. Not a measured material signature.,HELMET synthetic collection,,1,94,1922.5196850393702,,0,,,[]
demo-5,Asphalt,Built surfaces,Illustrative synthetic spectrum. Not a measured material signature.,HELMET synthetic collection,,1,95,1938.5039370078741,,0,,,[]
demo-5,Asphalt,Built surfaces,Illustrative synthetic spectrum. Not a measured material signature.,HELMET synthetic collection,,1,96,1954.4881889763778,0.047271272360196306,1,,,[]
demo-5,Asphalt,Built surfaces,Illustrative synthetic spectrum. Not a measured material signature.,HELMET synthetic collection,,1,97,1970.4724409448818,0.04740979917575372,1,,,[]
demo-5,Asphalt,Built surfaces,Illustrative synthetic spectrum. Not a measured material signature.,HELMET synthetic collection,,1,98,1986.4566929133857,0.04757641120006237,1,,,[]
demo-5,Asphalt,Built surfaces,Illustrative synthetic spectrum. Not a measured material signature.,HELMET synthetic collection,,1,99,2002.4409448818897,0.04777084241378969,1,,,[]
demo-5,Asphalt,Built surfaces,Illustrative synthetic spectrum. Not a measured material signature.,HELMET synthetic collection,,1,100,2018.4251968503936,0.04799278238038751,1,,,[]
demo-5,Asphalt,Built surfaces,Illustrative synthetic spectrum. Not a measured material signature.,HELMET synthetic collection,,1,101,2034.4094488188975,0.04824187674174735,1,,,[]
demo-5,Asphalt,Built surfaces,Illustrative synthetic spectrum. Not a measured material signature.,HELMET synthetic collection,,1,102,2050.3937007874015,0.04851772778398249,1,,,[]
demo-5,Asphalt,Built surfaces,Illustrative synthetic spectrum. Not a measured material signature.,HELMET synthetic collection,,1,103,2066.3779527559054,0.04881989507243374,1,,,[]
demo-5,Asphalt,Built surfaces,Illustrative synthetic spectrum. Not a measured material signature.,HELMET synthetic collection,,1,104,2082.3622047244094,0.04914789615488473,1,,,[]
demo-5,Asphalt,Built surfaces,Illustrative synthetic spectrum. Not a measured material signature.,HELMET synthetic collection,,1,105,2098.3464566929133,0.04950120733186419,1,,,[]
demo-5,Asphalt,Built surfaces,Illustrative synthetic spectrum. Not a measured material signature.,HELMET synthetic collection,,1,106,2114.3307086614172,0.04987926449280518,1,,,[]
demo-5,Asphalt,Built surfaces,Illustrative synthetic spectrum. Not a measured material signature.,HELMET synthetic collection,,1,107,2130.314960629921,0.05028146401672627,1,,,[]
demo-5,Asphalt,Built surfaces,Illustrative synthetic spectrum. Not a measured material signature.,HELMET synthetic collection,,1,108,2146.299212598425,0.05070716373599664,1,,,[]
demo-5,Asphalt,Built surfaces,Illustrative synthetic spectrum. Not a measured material signature.,HELMET synthetic collection,,1,109,2162.283464566929,0.051155683961646256,1,,,[]
demo-5,Asphalt,Built surfaces,Illustrative synthetic spectrum. Not a measured material signature.,HELMET synthetic collection,,1,110,2178.267716535433,0.051626308568584085,1,,,[]
demo-5,Asphalt,Built surfaces,Illustrative synthetic spectrum. Not a measured material signature.,HELMET synthetic collection,,1,111,2194.251968503937,0.05211828613899167,1,,,[]
demo-5,Asphalt,Built surfaces,Illustrative synthetic spectrum. Not a measured material signature.,HELMET synthetic collection,,1,112,2210.236220472441,0.0526308311620665,1,,,[]
demo-5,Asphalt,Built surfaces,Illustrative synthetic spectrum. Not a measured material signature.,HELMET synthetic collection,,1,113,2226.220472440945,0.05316312528819956,1,,,[]
demo-5,Asphalt,Built surfaces,Illustrative synthetic spectrum. Not a measured material signature.,HELMET synthetic collection,,1,114,2242.2047244094488,0.05371431863558455,1,,,[]
demo-5,Asphalt,Built surfaces,Illustrative synthetic spectrum. Not a measured material signature.,HELMET synthetic collection,,1,115,2258.1889763779527,0.05428353114717274,1,,,[]
demo-5,Asphalt,Built surfaces,Illustrative synthetic spectrum. Not a measured material signature.,HELMET synthetic collection,,1,116,2274.1732283464567,0.054869853995806815,1,,,[]
demo-5,Asphalt,Built surfaces,Illustrative synthetic spectrum. Not a measured material signature.,HELMET synthetic collection,,1,117,2290.1574803149606,0.05547235103529016,1,,,[]
demo-5,Asphalt,Built surfaces,Illustrative synthetic spectrum. Not a measured material signature.,HELMET synthetic collection,,1,118,2306.1417322834645,0.05609006029507483,1,,,[]
demo-5,Asphalt,Built surfaces,Illustrative synthetic spectrum. Not a measured material signature.,HELMET synthetic collection,,1,119,2322.1259842519685,0.05672199551618158,1,,,[]
demo-5,Asphalt,Built surfaces,Illustrative synthetic spectrum. Not a measured material signature.,HELMET synthetic collection,,1,120,2338.1102362204724,0.05736714772590004,1,,,[]
demo-5,Asphalt,Built surfaces,Illustrative synthetic spectrum. Not a measured material signature.,HELMET synthetic collection,,1,121,2354.0944881889764,0.058024486848754254,1,,,[]
demo-5,Asphalt,Built surfaces,Illustrative synthetic spectrum. Not a measured material signature.,HELMET synthetic collection,,1,122,2370.0787401574803,0.05869296335116182,1,,,[]
demo-5,Asphalt,Built surfaces,Illustrative synthetic spectrum. Not a measured material signature.,HELMET synthetic collection,,1,123,2386.0629921259842,0.05937150991716075,1,,,[]
demo-5,Asphalt,Built surfaces,Illustrative synthetic spectrum. Not a measured material signature.,HELMET synthetic collection,,1,124,2402.047244094488,0.060059043152528045,1,,,[]
demo-5,Asphalt,Built surfaces,Illustrative synthetic spectrum. Not a measured material signature.,HELMET synthetic collection,,1,125,2418.031496062992,0.06075446531456983,1,,,[]
demo-5,Asphalt,Built surfaces,Illustrative synthetic spectrum. Not a measured material signature.,HELMET synthetic collection,,1,126,2434.015748031496,0.061456666064820586,1,,,[]
demo-5,Asphalt,Built surfaces,Illustrative synthetic spectrum. Not a measured material signature.,HELMET synthetic collection,,1,127,2450.0,0.062164524241853425,1,,,[]
a5dadc57cc5a4edf8985d5b8edf5694b,Meadow–soil blend,Mixtures,Synthetic validation mixture: 65% Meadow grass + 35% Dry mineral soil. No noise. Not measured material data.,Synthetic experiment,2026-09-17T23:10:07.584585+00:00,0,0,420.0,0.06775434625019817,1,,,[]
a5dadc57cc5a4edf8985d5b8edf5694b,Meadow–soil blend,Mixtures,Synthetic validation mixture: 65% Meadow grass + 35% Dry mineral soil. No noise. Not measured material data.,Synthetic experiment,2026-09-17T23:10:07.584585+00:00,0,1,435.98425196850394,0.0683364320558971,1,,,[]
a5dadc57cc5a4edf8985d5b8edf5694b,Meadow–soil blend,Mixtures,Synthetic validation mixture: 65% Meadow grass + 35% Dry mineral soil. No noise. Not measured material data.,Synthetic experiment,2026-09-17T23:10:07.584585+00:00,0,2,451.9685039370079,0.06892109314288908,1,,,[]
a5dadc57cc5a4edf8985d5b8edf5694b,Meadow–soil blend,Mixtures,Synthetic validation mixture: 65% Meadow grass + 35% Dry mineral soil. No noise. Not measured material data.,Synthetic experiment,2026-09-17T23:10:07.584585+00:00,0,3,467.9527559055118,0.06951031154233898,1,,,[]
a5dadc57cc5a4edf8985d5b8edf5694b,Meadow–soil blend,Mixtures,Synthetic validation mixture: 65% Meadow grass + 35% Dry mineral soil. No noise. Not measured material data.,Synthetic experiment,2026-09-17T23:10:07.584585+00:00,0,4,483.93700787401576,0.07010759415939129,1,,,[]
a5dadc57cc5a4edf8985d5b8edf5694b,Meadow–soil blend,Mixtures,Synthetic validation mixture: 65% Meadow grass + 35% Dry mineral soil. No noise. Not measured material data.,Synthetic experiment,2026-09-17T23:10:07.584585+00:00,0,5,499.9212598425197,0.07071914471863933,1,,,[]
a5dadc57cc5a4edf8985d5b8edf5694b,Meadow–soil blend,Mixtures,Synthetic validation mixture: 65% Meadow grass + 35% Dry mineral soil. No noise. Not measured material data.,Synthetic experiment,2026-09-17T23:10:07.584585+00:00,0,6,515.9055118110236,0.0713559338222397,1,,,[]
a5dadc57cc5a4edf8985d5b8edf5694b,Meadow–soil blend,Mixtures,Synthetic validation mixture: 65% Meadow grass + 35% Dry mineral soil. No noise. Not measured material data.,Synthetic experiment,2026-09-17T23:10:07.584585+00:00,0,7,531.8897637795276,0.07203734986994564,1,,,[]
a5dadc57cc5a4edf8985d5b8edf5694b,Meadow–soil blend,Mixtures,Synthetic validation mixture: 65% Meadow grass + 35% Dry mineral soil. No noise. Not measured material data.,Synthetic experiment,2026-09-17T23:10:07.584585+00:00,0,8,547.8740157480315,0.07279762088043315,1,,,[]
a5dadc57cc5a4edf8985d5b8edf5694b,Meadow–soil blend,Mixtures,Synthetic validation mixture: 65% Meadow grass + 35% Dry mineral soil. No noise. Not measured material data.,Synthetic experiment,2026-09-17T23:10:07.584585+00:00,0,9,563.8582677165355,0.07369705643615426,1,,,[]
a5dadc57cc5a4edf8985d5b8edf5694b,Meadow–soil blend,Mixtures,Synthetic validation mixture: 65% Meadow grass + 35% Dry mineral soil. No noise. Not measured material data.,Synthetic experiment,2026-09-17T23:10:07.584585+00:00,0,10,579.8425196850394,0.07484156029832481,1,,,[]
a5dadc57cc5a4edf8985d5b8edf5694b,Meadow–soil blend,Mixtures,Synthetic validation mixture: 65% Meadow grass + 35% Dry mineral soil. No noise. Not measured material data.,Synthetic experiment,2026-09-17T23:10:07.584585+00:00,0,11,595.8267716535433,0.07641598008282773,1,,,[]
a5dadc57cc5a4edf8985d5b8edf5694b,Meadow–soil blend,Mixtures,Synthetic validation mixture: 65% Meadow grass + 35% Dry mineral soil. No noise. Not measured material data.,Synthetic experiment,2026-09-17T23:10:07.584585+00:00,0,12,611.8110236220473,0.07873951457274422,1,,,[]
a5dadc57cc5a4edf8985d5b8edf5694b,Meadow–soil blend,Mixtures,Synthetic validation mixture: 65% Meadow grass + 35% Dry mineral soil. No noise. Not measured material data.,Synthetic experiment,2026-09-17T23:10:07.584585+00:00,0,13,627.7952755905512,0.08235294827352443,1,,,[]
a5dadc57cc5a4edf8985d5b8edf5694b,Meadow–soil blend,Mixtures,Synthetic validation mixture: 65% Meadow grass + 35% Dry mineral soil. No noise. Not measured material data.,Synthetic experiment,2026-09-17T23:10:07.584585+00:00,0,14,643.7795275590552,0.0881417319174917,1,,,[]
a5dadc57cc5a4edf8985d5b8edf5694b,Meadow–soil blend,Mixtures,Synthetic validation mixture: 65% Meadow grass + 35% Dry mineral soil. No noise. Not measured material data.,Synthetic experiment,2026-09-17T23:10:07.584585+00:00,0,15,659.7637795275591,0.09746875042284076,1,,,[]
a5dadc57cc5a4edf8985d5b8edf5694b,Meadow–soil blend,Mixtures,Synthetic validation mixture: 65% Meadow grass + 35% Dry mineral soil. No noise. Not measured material data.,Synthetic experiment,2026-09-17T23:10:07.584585+00:00,0,16,675.748031496063,0.11220309255909919,1,,,[]
a5dadc57cc5a4edf8985d5b8edf5694b,Meadow–soil blend,Mixtures,Synthetic validation mixture: 65% Meadow grass + 35% Dry mineral soil. No noise. Not measured material data.,Synthetic experiment,2026-09-17T23:10:07.584585+00:00,0,17,691.732283464567,0.13436980720938632,1,,,[]
a5dadc57cc5a4edf8985d5b8edf5694b,Meadow–soil blend,Mixtures,Synthetic validation mixture: 65% Meadow grass + 35% Dry mineral soil. No noise. Not measured material data.,Synthetic experiment,2026-09-17T23:10:07.584585+00:00,0,18,707.7165354330709,0.1650684873494161,1,,,[]
a5dadc57cc5a4edf8985d5b8edf5694b,Meadow–soil blend,Mixtures,Synthetic validation mixture: 65% Meadow grass + 35% Dry mineral soil. No noise. Not measured material data.,Synthetic experiment,2026-09-17T23:10:07.584585+00:00,0,19,723.7007874015749,0.20284212091566403,1,,,[]
a5dadc57cc5a4edf8985d5b8edf5694b,Meadow–soil blend,Mixtures,Synthetic validation mixture: 65% Meadow grass + 35% Dry mineral soil. No noise. Not measured material data.,Synthetic experiment,2026-09-17T23:10:07.584585+00:00,0,20,739.6850393700788,0.24300603913138472,1,,,[]
a5dadc57cc5a4edf8985d5b8edf5694b,Meadow–soil blend,Mixtures,Synthetic validation mixture: 65% Meadow grass + 35% Dry mineral soil. No noise. Not measured material data.,Synthetic experiment,2026-09-17T23:10:07.584585+00:00,0,21,755.6692913385828,0.2795731882890272,1,,,[]
a5dadc57cc5a4edf8985d5b8edf5694b,Meadow–soil blend,Mixtures,Synthetic validation mixture: 65% Meadow grass + 35% Dry mineral soil. No noise. Not measured material data.,Synthetic experiment,2026-09-17T23:10:07.584585+00:00,0,22,771.6535433070867,0.3084765162078422,1,,,[]
a5dadc57cc5a4edf8985d5b8edf5694b,Meadow–soil blend,Mixtures,Synthetic validation mixture: 65% Meadow grass + 35% Dry mineral soil. No noise. Not measured material data.,Synthetic experiment,2026-09-17T23:10:07.584585+00:00,0,23,787.6377952755906,0.32892244785156416,1,,,[]
a5dadc57cc5a4edf8985d5b8edf5694b,Meadow–soil blend,Mixtures,Synthetic validation mixture: 65% Meadow grass + 35% Dry mineral soil. No noise. Not measured material data.,Synthetic experiment,2026-09-17T23:10:07.584585+00:00,0,24,803.6220472440945,0.34233705224906014,1,,,[]
a5dadc57cc5a4edf8985d5b8edf5694b,Meadow–soil blend,Mixtures,Synthetic validation mixture: 65% Meadow grass + 35% Dry mineral soil. No noise. Not measured material data.,Synthetic experiment,2026-09-17T23:10:07.584585+00:00,0,25,819.6062992125984,0.35077405044199494,1,,,[]
a5dadc57cc5a4edf8985d5b8edf5694b,Meadow–soil blend,Mixtures,Synthetic validation mixture: 65% Meadow grass + 35% Dry mineral soil. No noise. Not measured material data.,Synthetic experiment,2026-09-17T23:10:07.584585+00:00,0,26,835.5905511811023,0.35600608472513223,1,,,[]
a5dadc57cc5a4edf8985d5b8edf5694b,Meadow–soil blend,Mixtures,Synthetic validation mixture: 65% Meadow grass + 35% Dry mineral soil. No noise. Not measured material data.,Synthetic experiment,2026-09-17T23:10:07.584585+00:00,0,27,851.5748031496063,0.35928610733569455,1,,,[]
a5dadc57cc5a4edf8985d5b8edf5694b,Meadow–soil blend,Mixtures,Synthetic validation mixture: 65% Meadow grass + 35% Dry mineral soil. No noise. Not measured material data.,Synthetic experiment,2026-09-17T23:10:07.584585+00:00,0,28,867.5590551181102,0.36141491966866324,1,,,[]
a5dadc57cc5a4edf8985d5b8edf5694b,Meadow–soil blend,Mixtures,Synthetic validation mixture: 65% Meadow grass + 35% Dry mineral soil. No noise. Not measured material data.,Synthetic experiment,2026-09-17T23:10:07.584585+00:00,0,29,883.5433070866142,0.36287723146038525,1,,,[]
a5dadc57cc5a4edf8985d5b8edf5694b,Meadow–soil blend,Mixtures,Synthetic validation mixture: 65% Meadow grass + 35% Dry mineral soil. No noise. Not measured material data.,Synthetic experiment,2026-09-17T23:10:07.584585+00:00,0,30,899.5275590551181,0.3639577138794833,1,,,[]
a5dadc57cc5a4edf8985d5b8edf5694b,Meadow–soil blend,Mixtures,Synthetic validation mixture: 65% Meadow grass + 35% Dry mineral soil. No noise. Not measured material data.,Synthetic experiment,2026-09-17T23:10:07.584585+00:00,0,31,915.511811023622,0.3648207568765303,1,,,[]
a5dadc57cc5a4edf8985d5b8edf5694b,Meadow–soil blend,Mixtures,Synthetic validation mixture: 65% Meadow grass + 35% Dry mineral soil. No noise. Not measured material data.,Synthetic experiment,2026-09-17T23:10:07.584585+00:00,0,32,931.496062992126,0.36556039440463994,1,,,[]
a5dadc57cc5a4edf8985d5b8edf5694b,Meadow–soil blend,Mixtures,Synthetic validation mixture: 65% Meadow grass + 35% Dry mineral soil. No noise. Not measured material data.,Synthetic experiment,2026-09-17T23:10:07.584585+00:00,0,33,947.4803149606299,0.36623012818475364,1,,,[]
a5dadc57cc5a4edf8985d5b8edf5694b,Meadow–soil blend,Mixtures,Synthetic validation mixture: 65% Meadow grass + 35% Dry mineral soil. No noise. Not measured material data.,Synthetic experiment,2026-09-17T23:10:07.584585+00:00,0,34,963.4645669291339,0.36686030573401057,1,,,[]
a5dadc57cc5a4edf8985d5b8edf5694b,Meadow–soil blend,Mixtures,Synthetic validation mixture: 65% Meadow grass + 35% Dry mineral soil. No noise. Not measured material data.,Synthetic experiment,2026-09-17T23:10:07.584585+00:00,0,35,979.4488188976378,0.3674681084560955,1,,,[]
a5dadc57cc5a4edf8985d5b8edf5694b,Meadow–soil blend,Mixtures,Synthetic validation mixture: 65% Meadow grass + 35% Dry mineral soil. No noise. Not measured material data.,Synthetic experiment,2026-09-17T23:10:07.584585+00:00,0,36,995.4330708661417,0.3680632462298024,1,,,[]
a5dadc57cc5a4edf8985d5b8edf5694b,Meadow–soil blend,Mixtures,Synthetic validation mixture: 65% Meadow grass + 35% Dry mineral soil. No noise. Not measured material data.,Synthetic experiment,2026-09-17T23:10:07.584585+00:00,0,37,1011.4173228346457,0.368651183553763,1,,,[]
a5dadc57cc5a4edf8985d5b8edf5694b,Meadow–soil blend,Mixtures,Synthetic validation mixture: 65% Meadow grass + 35% Dry mineral soil. No noise. Not measured material data.,Synthetic experiment,2026-09-17T23:10:07.584585+00:00,0,38,1027.4015748031497,0.3692349476116486,1,,,[]
a5dadc57cc5a4edf8985d5b8edf5694b,Meadow–soil blend,Mixtures,Synthetic validation mixture: 65% Meadow grass + 35% Dry mineral soil. No noise. Not measured material data.,Synthetic experiment,2026-09-17T23:10:07.584585+00:00,0,39,1043.3858267716537,0.3698161076882262,1,,,[]
a5dadc57cc5a4edf8985d5b8edf5694b,Meadow–soil blend,Mixtures,Synthetic validation mixture: 65% Meadow grass + 35% Dry mineral soil. No noise. Not measured material data.,Synthetic experiment,2026-09-17T23:10:07.584585+00:00,0,40,1059.3700787401576,0.3703952388363519,1,,,[]
a5dadc57cc5a4edf8985d5b8edf5694b,Meadow–soil blend,Mixtures,Synthetic validation mixture: 65% Meadow grass + 35% Dry mineral soil. No noise. Not measured material data.,Synthetic experiment,2026-09-17T23:10:07.584585+00:00,0,41,1075.3543307086616,0.3709720076167725,1,,,[]
a5dadc57cc5a4edf8985d5b8edf5694b,Meadow–soil blend,Mixtures,Synthetic validation mixture: 65% Meadow grass + 35% Dry mineral soil. No noise. Not measured material data.,Synthetic experiment,2026-09-17T23:10:07.584585+00:00,0,42,1091.3385826771655,0.3715448932913976,1,,,[]
a5dadc57cc5a4edf8985d5b8edf5694b,Meadow–soil blend,Mixtures,Synthetic validation mixture: 65% Meadow grass + 35% Dry mineral soil. No noise. Not measured material data.,Synthetic experiment,2026-09-17T23:10:07.584585+00:00,0,43,1107.3228346456694,0.3721104554271342,1,,,[]
a5dadc57cc5a4edf8985d5b8edf5694b,Meadow–soil blend,Mixtures,Synthetic validation mixture: 65% Meadow grass + 35% Dry mineral soil. No noise. Not measured material data.,Synthetic experiment,2026-09-17T23:10:07.584585+00:00,0,44,1123.3070866141734,0.37266196807851987,1,,,[]
a5dadc57cc5a4edf8985d5b8edf5694b,Meadow–soil blend,Mixtures,Synthetic validation mixture: 65% Meadow grass + 35% Dry mineral soil. No noise. Not measured material data.,Synthetic experiment,2026-09-17T23:10:07.584585+00:00,0,45,1139.2913385826773,0.3731871703101001,1,,,[]
a5dadc57cc5a4edf8985d5b8edf5694b,Meadow–soil blend,Mixtures,Synthetic validation mixture: 65% Meadow grass + 35% Dry mineral soil. No noise. Not measured material data.,Synthetic experiment,2026-09-17T23:10:07.584585+00:00,0,46,1155.2755905511813,0.3736648637417582,1,,,[]
a5dadc57cc5a4edf8985d5b8edf5694b,Meadow–soil blend,Mixtures,Synthetic validation mixture: 65% Meadow grass + 35% Dry mineral soil. No noise. Not measured material data.,Synthetic experiment,2026-09-17T23:10:07.584585+00:00,0,47,1171.2598425196852,0.37406017388001694,1,,,[]
a5dadc57cc5a4edf8985d5b8edf5694b,Meadow–soil blend,Mixtures,Synthetic validation mixture: 65% Meadow grass + 35% Dry mineral soil. No noise. Not measured material data.,Synthetic experiment,2026-09-17T23:10:07.584585+00:00,0,48,1187.244094488189,0.3743185517659474,1,,,[]
a5dadc57cc5a4edf8985d5b8edf5694b,Meadow–soil blend,Mixtures,Synthetic validation mixture: 65% Meadow grass + 35% Dry mineral soil. No noise. Not measured material data.,Synthetic experiment,2026-09-17T23:10:07.584585+00:00,0,49,1203.2283464566929,0.37435908544672314,1,,,[]
a5dadc57cc5a4edf8985d5b8edf5694b,Meadow–soil blend,Mixtures,Synthetic validation mixture: 65% Meadow grass + 35% Dry mineral soil. No noise. Not measured material data.,Synthetic experiment,2026-09-17T23:10:07.584585+00:00,0,50,1219.2125984251968,0.37406842542593394,1,,,[]
a5dadc57cc5a4edf8985d5b8edf5694b,Meadow–soil blend,Mixtures,Synthetic validation mixture: 65% Meadow grass + 35% Dry mineral soil. No noise. Not measured material data.,Synthetic experiment,2026-09-17T23:10:07.584585+00:00,0,51,1235.1968503937007,0.3732975084725783,1,,,[]
a5dadc57cc5a4edf8985d5b8edf5694b,Meadow–soil blend,Mixtures,Synthetic validation mixture: 65% Meadow grass + 35% Dry mineral soil. No noise. Not measured material data.,Synthetic experiment,2026-09-17T23:10:07.584585+00:00,0,52,1251.1811023622047,0.37186404560847164,1,,,[]
a5dadc57cc5a4edf8985d5b8edf5694b,Meadow–soil blend,Mixtures,Synthetic validation mixture: 65% Meadow grass + 35% Dry mineral soil. No noise. Not measured material data.,Synthetic experiment,2026-09-17T23:10:07.584585+00:00,0,53,1267.1653543307086,0.36956403046922087,1,,,[]
a5dadc57cc5a4edf8985d5b8edf5694b,Meadow–soil blend,Mixtures,Synthetic validation mixture: 65% Meadow grass + 35% Dry mineral soil. No noise. Not measured material data.,Synthetic experiment,2026-09-17T23:10:07.584585+00:00,0,54,1283.1496062992126,0.36619486317796585,1,,,[]
a5dadc57cc5a4edf8985d5b8edf5694b,Meadow–soil blend,Mixtures,Synthetic validation mixture: 65% Meadow grass + 35% Dry mineral soil. No noise. Not measured material data.,Synthetic experiment,2026-09-17T23:10:07.584585+00:00,0,55,1299.1338582677165,0.361590717280827,1,,,[]
a5dadc57cc5a4edf8985d5b8edf5694b,Meadow–soil blend,Mixtures,Synthetic validation mixture: 65% Meadow grass + 35% Dry mineral soil. No noise. Not measured material data.,Synthetic experiment,2026-09-17T23:10:07.584585+00:00,0,56,1315.1181102362204,0.35566748780871793,1,,,[]
a5dadc57cc5a4edf8985d5b8edf5694b,Meadow–soil blend,Mixtures,Synthetic validation mixture: 65% Meadow grass + 35% Dry mineral soil. No noise. Not measured material data.,Synthetic experiment,2026-09-17T23:10:07.584585+00:00,0,57,1331.1023622047244,0.3484705770955341,1,,,[]
a5dadc57cc5a4edf8985d5b8edf5694b,Meadow–soil blend,Mixtures,Synthetic validation mixture: 65% Meadow grass + 35% Dry mineral soil. No noise. Not measured material data.,Synthetic experiment,2026-09-17T23:10:07.584585+00:00,0,58,1347.0866141732283,0.34021502581934937,1,,,[]
a5dadc57cc5a4edf8985d5b8edf5694b,Meadow–soil blend,Mixtures,Synthetic validation mixture: 65% Meadow grass + 35% Dry mineral soil. No noise. Not measured material data.,Synthetic experiment,2026-09-17T23:10:07.584585+00:00,0,59,1363.0708661417323,,0,,,[]
a5dadc57cc5a4edf8985d5b8edf5694b,Meadow–soil blend,Mixtures,Synthetic validation mixture: 65% Meadow grass + 35% Dry mineral soil. No noise. Not measured material data.,Synthetic experiment,2026-09-17T23:10:07.584585+00:00,0,60,1379.0551181102362,,0,,,[]
a5dadc57cc5a4edf8985d5b8edf5694b,Meadow–soil blend,Mixtures,Synthetic validation mixture: 65% Meadow grass + 35% Dry mineral soil. No noise. Not measured material data.,Synthetic experiment,2026-09-17T23:10:07.584585+00:00,0,61,1395.0393700787401,,0,,,[]
a5dadc57cc5a4edf8985d5b8edf5694b,Meadow–soil blend,Mixtures,Synthetic validation mixture: 65% Meadow grass + 35% Dry mineral soil. No noise. Not measured material data.,Synthetic experiment,2026-09-17T23:10:07.584585+00:00,0,62,1411.023622047244,,0,,,[]
a5dadc57cc5a4edf8985d5b8edf5694b,Meadow–soil blend,Mixtures,Synthetic validation mixture: 65% Meadow grass + 35% Dry mineral soil. No noise. Not measured material data.,Synthetic experiment,2026-09-17T23:10:07.584585+00:00,0,63,1427.007874015748,,0,,,[]
a5dadc57cc5a4edf8985d5b8edf5694b,Meadow–soil blend,Mixtures,Synthetic validation mixture: 65% Meadow grass + 35% Dry mineral soil. No noise. Not measured material data.,Synthetic experiment,2026-09-17T23:10:07.584585+00:00,0,64,1442.992125984252,,0,,,[]
a5dadc57cc5a4edf8985d5b8edf5694b,Meadow–soil blend,Mixtures,Synthetic validation mixture: 65% Meadow grass + 35% Dry mineral soil. No noise. Not measured material data.,Synthetic experiment,2026-09-17T23:10:07.584585+00:00,0,65,1458.976377952756,0.3007958379152112,1,,,[]
a5dadc57cc5a4edf8985d5b8edf5694b,Meadow–soil blend,Mixtures,Synthetic validation mixture: 65% Meadow grass + 35% Dry mineral soil. No noise. Not measured material data.,Synthetic experiment,2026-09-17T23:10:07.584585+00:00,0,66,1474.9606299212599,0.30444151439382466,1,,,[]
a5dadc57cc5a4edf8985d5b8edf5694b,Meadow–soil blend,Mixtures,Synthetic validation mixture: 65% Meadow grass + 35% Dry mineral soil. No noise. Not measured material data.,Synthetic experiment,2026-09-17T23:10:07.584585+00:00,0,67,1490.9448818897638,0.31066357268850553,1,,,[]
a5dadc57cc5a4edf8985d5b8edf5694b,Meadow–soil blend,Mixtures,Synthetic validation mixture: 65% Meadow grass + 35% Dry mineral soil. No noise. Not measured material data.,Synthetic experiment,2026-09-17T23:10:07.584585+00:00,0,68,1506.9291338582677,0.3188884024202005,1,,,[]
a5dadc57cc5a4edf8985d5b8edf5694b,Meadow–soil blend,Mixtures,Synthetic validation mixture: 65% Meadow grass + 35% Dry mineral soil. No noise. Not measured material data.,Synthetic experiment,2026-09-17T23:10:07.584585+00:00,0,69,1522.9133858267717,0.3283846542246166,1,,,[]
a5dadc57cc5a4edf8985d5b8edf5694b,Meadow–soil blend,Mixtures,Synthetic validation mixture: 65% Meadow grass + 35% Dry mineral soil. No noise. Not measured material data.,Synthetic experiment,2026-09-17T23:10:07.584585+00:00,0,70,1538.8976377952756,0.3383710802195637,1,,,[]
a5dadc57cc5a4edf8985d5b8edf5694b,Meadow–soil blend,Mixtures,Synthetic validation mixture: 65% Meadow grass + 35% Dry mineral soil. No noise. Not measured material data.,Synthetic experiment,2026-09-17T23:10:07.584585+00:00,0,71,1554.8818897637796,0.3481184811563403,1,,,[]
a5dadc57cc5a4edf8985d5b8edf5694b,Meadow–soil blend,Mixtures,Synthetic validation mixture: 65% Meadow grass + 35% Dry mineral soil. No noise. Not measured material data.,Synthetic experiment,2026-09-17T23:10:07.584585+00:00,0,72,1570.8661417322835,0.3570268399224172,1,,,[]
a5dadc57cc5a4edf8985d5b8edf5694b,Meadow–soil blend,Mixtures,Synthetic validation mixture: 65% Meadow grass + 35% Dry mineral soil. No noise. Not measured material data.,Synthetic experiment,2026-09-17T23:10:07.584585+00:00,0,73,1586.8503937007874,0.3646669745844123,1,,,[]
a5dadc57cc5a4edf8985d5b8edf5694b,Meadow–soil blend,Mixtures,Synthetic validation mixture: 65% Meadow grass + 35% Dry mineral soil. No noise. Not measured material data.,Synthetic experiment,2026-09-17T23:10:07.584585+00:00,0,74,1602.8346456692914,0.37078567256048917,1,,,[]
a5dadc57cc5a4edf8985d5b8edf5694b,Meadow–soil blend,Mixtures,Synthetic validation mixture: 65% Meadow grass + 35% Dry mineral soil. No noise. Not measured material data.,Synthetic experiment,2026-09-17T23:10:07.584585+00:00,0,75,1618.8188976377953,0.3752814087866021,1,,,[]
a5dadc57cc5a4edf8985d5b8edf5694b,Meadow–soil blend,Mixtures,Synthetic validation mixture: 65% Meadow grass + 35% Dry mineral soil. No noise. Not measured material data.,Synthetic experiment,2026-09-17T23:10:07.584585+00:00,0,76,1634.8031496062993,0.37816252125815153,1,,,[]
a5dadc57cc5a4edf8985d5b8edf5694b,Meadow–soil blend,Mixtures,Synthetic validation mixture: 65% Meadow grass + 35% Dry mineral soil. No noise. Not measured material data.,Synthetic experiment,2026-09-17T23:10:07.584585+00:00,0,77,1650.7874015748032,0.37950062336455603,1,,,[]
a5dadc57cc5a4edf8985d5b8edf5694b,Meadow–soil blend,Mixtures,Synthetic validation mixture: 65% Meadow grass + 35% Dry mineral soil. No noise. Not measured material data.,Synthetic experiment,2026-09-17T23:10:07.584585+00:00,0,78,1666.7716535433071,0.37938980568883424,1,,,[]
a5dadc57cc5a4edf8985d5b8edf5694b,Meadow–soil blend,Mixtures,Synthetic validation mixture: 65% Meadow grass + 35% Dry mineral soil. No noise. Not measured material data.,Synthetic experiment,2026-09-17T23:10:07.584585+00:00,0,79,1682.755905511811,0.37791823079255554,1,,,[]
a5dadc57cc5a4edf8985d5b8edf5694b,Meadow–soil blend,Mixtures,Synthetic validation mixture: 65% Meadow grass + 35% Dry mineral soil. No noise. Not measured material data.,Synthetic experiment,2026-09-17T23:10:07.584585+00:00,0,80,1698.740157480315,0.375154513081752,1,,,[]
a5dadc57cc5a4edf8985d5b8edf5694b,Meadow–soil blend,Mixtures,Synthetic validation mixture: 65% Meadow grass + 35% Dry mineral soil. No noise. Not measured material data.,Synthetic experiment,2026-09-17T23:10:07.584585+00:00,0,81,1714.724409448819,0.3711478538606243,1,,,[]
a5dadc57cc5a4edf8985d5b8edf5694b,Meadow–soil blend,Mixtures,Synthetic validation mixture: 65% Meadow grass + 35% Dry mineral soil. No noise. Not measured material data.,Synthetic experiment,2026-09-17T23:10:07.584585+00:00,0,82,1730.708661417323,0.36593873837259805,1,,,[]
a5dadc57cc5a4edf8985d5b8edf5694b,Meadow–soil blend,Mixtures,Synthetic validation mixture: 65% Meadow grass + 35% Dry mineral soil. No noise. Not measured material data.,Synthetic experiment,2026-09-17T23:10:07.584585+00:00,0,83,1746.6929133858268,0.359576062878428,1,,,[]
a5dadc57cc5a4edf8985d5b8edf5694b,Meadow–soil blend,Mixtures,Synthetic validation mixture: 65% Meadow grass + 35% Dry mineral soil. No noise. Not measured material data.,Synthetic experiment,2026-09-17T23:10:07.584585+00:00,0,84,1762.6771653543308,0.3521365236704828,1,,,[]
a5dadc57cc5a4edf8985d5b8edf5694b,Meadow–soil blend,Mixtures,Synthetic validation mixture: 65% Meadow grass + 35% Dry mineral soil. No noise. Not measured material data.,Synthetic experiment,2026-09-17T23:10:07.584585+00:00,0,85,1778.6614173228347,0.3437425817750698,1,,,[]
a5dadc57cc5a4edf8985d5b8edf5694b,Meadow–soil blend,Mixtures,Synthetic validation mixture: 65% Meadow grass + 35% Dry mineral soil. No noise. Not measured material data.,Synthetic experiment,2026-09-17T23:10:07.584585+00:00,0,86,1794.6456692913387,0.33457602098011585,1,,,[]
a5dadc57cc5a4edf8985d5b8edf5694b,Meadow–soil blend,Mixtures,Synthetic validation mixture: 65% Meadow grass + 35% Dry mineral soil. No noise. Not measured material data.,Synthetic experiment,2026-09-17T23:10:07.584585+00:00,0,87,1810.6299212598426,,0,,,[]
a5dadc57cc5a4edf8985d5b8edf5694b,Meadow–soil blend,Mixtures,Synthetic validation mixture: 65% Meadow grass + 35% Dry mineral soil. No noise. Not measured material data.,Synthetic experiment,2026-09-17T23:10:07.584585+00:00,0,88,1826.6141732283465,,0,,,[]
a5dadc57cc5a4edf8985d5b8edf5694b,Meadow–soil blend,Mixtures,Synthetic validation mixture: 65% Meadow grass + 35% Dry mineral soil. No noise. Not measured material data.,Synthetic experiment,2026-09-17T23:10:07.584585+00:00,0,89,1842.5984251968505,,0,,,[]
a5dadc57cc5a4edf8985d5b8edf5694b,Meadow–soil blend,Mixtures,Synthetic validation mixture: 65% Meadow grass + 35% Dry mineral soil. No noise. Not measured material data.,Synthetic experiment,2026-09-17T23:10:07.584585+00:00,0,90,1858.5826771653544,,0,,,[]
a5dadc57cc5a4edf8985d5b8edf5694b,Meadow–soil blend,Mixtures,Synthetic validation mixture: 65% Meadow grass + 35% Dry mineral soil. No noise. Not measured material data.,Synthetic experiment,2026-09-17T23:10:07.584585+00:00,0,91,1874.5669291338584,,0,,,[]
a5dadc57cc5a4edf8985d5b8edf5694b,Meadow–soil blend,Mixtures,Synthetic validation mixture: 65% Meadow grass + 35% Dry mineral soil. No noise. Not measured material data.,Synthetic experiment,2026-09-17T23:10:07.584585+00:00,0,92,1890.5511811023623,,0,,,[]
a5dadc57cc5a4edf8985d5b8edf5694b,Meadow–soil blend,Mixtures,Synthetic validation mixture: 65% Meadow grass + 35% Dry mineral soil. No noise. Not measured material data.,Synthetic experiment,2026-09-17T23:10:07.584585+00:00,0,93,1906.5354330708662,,0,,,[]
a5dadc57cc5a4edf8985d5b8edf5694b,Meadow–soil blend,Mixtures,Synthetic validation mixture: 65% Meadow grass + 35% Dry mineral soil. No noise. Not measured material data.,Synthetic experiment,2026-09-17T23:10:07.584585+00:00,0,94,1922.5196850393702,,0,,,[]
a5dadc57cc5a4edf8985d5b8edf5694b,Meadow–soil blend,Mixtures,Synthetic validation mixture: 65% Meadow grass + 35% Dry mineral soil. No noise. Not measured material data.,Synthetic experiment,2026-09-17T23:10:07.584585+00:00,0,95,1938.5039370078741,,0,,,[]
a5dadc57cc5a4edf8985d5b8edf5694b,Meadow–soil blend,Mixtures,Synthetic validation mixture: 65% Meadow grass + 35% Dry mineral soil. No noise. Not measured material data.,Synthetic experiment,2026-09-17T23:10:07.584585+00:00,0,96,1954.4881889763778,0.2733750398237832,1,,,[]
a5dadc57cc5a4edf8985d5b8edf5694b,Meadow–soil blend,Mixtures,Synthetic validation mixture: 65% Meadow grass + 35% Dry mineral soil. No noise. Not measured material data.,Synthetic experiment,2026-09-17T23:10:07.584585+00:00,0,97,1970.4724409448818,0.2768729902599206,1,,,[]
a5dadc57cc5a4edf8985d5b8edf5694b,Meadow–soil blend,Mixtures,Synthetic validation mixture: 65% Meadow grass + 35% Dry mineral soil. No noise. Not measured material data.,Synthetic experiment,2026-09-17T23:10:07.584585+00:00,0,98,1986.4566929133857,0.28230859937466096,1,,,[]
a5dadc57cc5a4edf8985d5b8edf5694b,Meadow–soil blend,Mixtures,Synthetic validation mixture: 65% Meadow grass + 35% Dry mineral soil. No noise. Not measured material data.,Synthetic experiment,2026-09-17T23:10:07.584585+00:00,0,99,2002.4409448818897,0.2893602004223901,1,,,[]
a5dadc57cc5a4edf8985d5b8edf5694b,Meadow–soil blend,Mixtures,Synthetic validation mixture: 65% Meadow grass + 35% Dry mineral soil. No noise. Not measured material data.,Synthetic experiment,2026-09-17T23:10:07.584585+00:00,0,100,2018.4251968503936,0.29762056836959194,1,,,[]
a5dadc57cc5a4edf8985d5b8edf5694b,Meadow–soil blend,Mixtures,Synthetic validation mixture: 65% Meadow grass + 35% Dry mineral soil. No noise. Not measured material data.,Synthetic experiment,2026-09-17T23:10:07.584585+00:00,0,101,2034.4094488188975,0.3066321961775542,1,,,[]
a5dadc57cc5a4edf8985d5b8edf5694b,Meadow–soil blend,Mixtures,Synthetic validation mixture: 65% Meadow grass + 35% Dry mineral soil. No noise. Not measured material data.,Synthetic experiment,2026-09-17T23:10:07.584585+00:00,0,102,2050.3937007874015,0.3159285520538441,1,,,[]
a5dadc57cc5a4edf8985d5b8edf5694b,Meadow–soil blend,Mixtures,Synthetic validation mixture: 65% Meadow grass + 35% Dry mineral soil. No noise. Not measured material data.,Synthetic experiment,2026-09-17T23:10:07.584585+00:00,0,103,2066.3779527559054,0.3250771858734438,1,,,[]
a5dadc57cc5a4edf8985d5b8edf5694b,Meadow–soil blend,Mixtures,Synthetic validation mixture: 65% Meadow grass + 35% Dry mineral soil. No noise. Not measured material data.,Synthetic experiment,2026-09-17T23:10:07.584585+00:00,0,104,2082.3622047244094,0.3337197289332058,1,,,[]
a5dadc57cc5a4edf8985d5b8edf5694b,Meadow–soil blend,Mixtures,Synthetic validation mixture: 65% Meadow grass + 35% Dry mineral soil. No noise. Not measured material data.,Synthetic experiment,2026-09-17T23:10:07.584585+00:00,0,105,2098.3464566929133,0.34160348628131787,1,,,[]
a5dadc57cc5a4edf8985d5b8edf5694b,Meadow–soil blend,Mixtures,Synthetic validation mixture: 65% Meadow grass + 35% Dry mineral soil. No noise. Not measured material data.,Synthetic experiment,2026-09-17T23:10:07.584585+00:00,0,106,2114.3307086614172,0.3485997539765007,1,,,[]
a5dadc57cc5a4edf8985d5b8edf5694b,Meadow–soil blend,Mixtures,Synthetic validation mixture: 65% Meadow grass + 35% Dry mineral soil. No noise. Not measured material data.,Synthetic experiment,2026-09-17T23:10:07.584585+00:00,0,107,2130.314960629921,0.35470543650601083,1,,,[]
a5dadc57cc5a4edf8985d5b8edf5694b,Meadow–soil blend,Mixtures,Synthetic validation mixture: 65% Meadow grass + 35% Dry mineral soil. No noise. Not measured material data.,Synthetic experiment,2026-09-17T23:10:07.584585+00:00,0,108,2146.299212598425,0.3600270013723468,1,,,[]
a5dadc57cc5a4edf8985d5b8edf5694b,Meadow–soil blend,Mixtures,Synthetic validation mixture: 65% Meadow grass + 35% Dry mineral soil. No noise. Not measured material data.,Synthetic experiment,2026-09-17T23:10:07.584585+00:00,0,109,2162.283464566929,0.3647489559659008,1,,,[]
a5dadc57cc5a4edf8985d5b8edf5694b,Meadow–soil blend,Mixtures,Synthetic validation mixture: 65% Meadow grass + 35% Dry mineral soil. No noise. Not measured material data.,Synthetic experiment,2026-09-17T23:10:07.584585+00:00,0,110,2178.267716535433,0.36909218933861354,1,,,[]
a5dadc57cc5a4edf8985d5b8edf5694b,Meadow–soil blend,Mixtures,Synthetic validation mixture: 65% Meadow grass + 35% Dry mineral soil. No noise. Not measured material data.,Synthetic experiment,2026-09-17T23:10:07.584585+00:00,0,111,2194.251968503937,0.37326982381871804,1,,,[]
a5dadc57cc5a4edf8985d5b8edf5694b,Meadow–soil blend,Mixtures,Synthetic validation mixture: 65% Meadow grass + 35% Dry mineral soil. No noise. Not measured material data.,Synthetic experiment,2026-09-17T23:10:07.584585+00:00,0,112,2210.236220472441,0.37744890199173764,1,,,[]
a5dadc57cc5a4edf8985d5b8edf5694b,Meadow–soil blend,Mixtures,Synthetic validation mixture: 65% Meadow grass + 35% Dry mineral soil. No noise. Not measured material data.,Synthetic experiment,2026-09-17T23:10:07.584585+00:00,0,113,2226.220472440945,0.3817249337581109,1,,,[]
a5dadc57cc5a4edf8985d5b8edf5694b,Meadow–soil blend,Mixtures,Synthetic validation mixture: 65% Meadow grass + 35% Dry mineral soil. No noise. Not measured material data.,Synthetic experiment,2026-09-17T23:10:07.584585+00:00,0,114,2242.2047244094488,0.3861132861544931,1,,,[]
a5dadc57cc5a4edf8985d5b8edf5694b,Meadow–soil blend,Mixtures,Synthetic validation mixture: 65% Meadow grass + 35% Dry mineral soil. No noise. Not measured material data.,Synthetic experiment,2026-09-17T23:10:07.584585+00:00,0,115,2258.1889763779527,0.3905574279086254,1,,,[]
a5dadc57cc5a4edf8985d5b8edf5694b,Meadow–soil blend,Mixtures,Synthetic validation mixture: 65% Meadow grass + 35% Dry mineral soil. No noise. Not measured material data.,Synthetic experiment,2026-09-17T23:10:07.584585+00:00,0,116,2274.1732283464567,0.39495026749590817,1,,,[]
a5dadc57cc5a4edf8985d5b8edf5694b,Meadow–soil blend,Mixtures,Synthetic validation mixture: 65% Meadow grass + 35% Dry mineral soil. No noise. Not measured material data.,Synthetic experiment,2026-09-17T23:10:07.584585+00:00,0,117,2290.1574803149606,0.39916229552222304,1,,,[]
a5dadc57cc5a4edf8985d5b8edf5694b,Meadow–soil blend,Mixtures,Synthetic validation mixture: 65% Meadow grass + 35% Dry mineral soil. No noise. Not measured material data.,Synthetic experiment,2026-09-17T23:10:07.584585+00:00,0,118,2306.1417322834645,0.4030695663709295,1,,,[]
a5dadc57cc5a4edf8985d5b8edf5694b,Meadow–soil blend,Mixtures,Synthetic validation mixture: 65% Meadow grass + 35% Dry mineral soil. No noise. Not measured material data.,Synthetic experiment,2026-09-17T23:10:07.584585+00:00,0,119,2322.1259842519685,0.4065757136195716,1,,,[]
a5dadc57cc5a4edf8985d5b8edf5694b,Meadow–soil blend,Mixtures,Synthetic validation mixture: 65% Meadow grass + 35% Dry mineral soil. No noise. Not measured material data.,Synthetic experiment,2026-09-17T23:10:07.584585+00:00,0,120,2338.1102362204724,0.4096246118248559,1,,,[]
a5dadc57cc5a4edf8985d5b8edf5694b,Meadow–soil blend,Mixtures,Synthetic validation mixture: 65% Meadow grass + 35% Dry mineral soil. No noise. Not measured material data.,Synthetic experiment,2026-09-17T23:10:07.584585+00:00,0,121,2354.0944881889764,0.41220309926137577,1,,,[]
a5dadc57cc5a4edf8985d5b8edf5694b,Meadow–soil blend,Mixtures,Synthetic validation mixture: 65% Meadow grass + 35% Dry mineral soil. No noise. Not measured material data.,Synthetic experiment,2026-09-17T23:10:07.584585+00:00,0,122,2370.0787401574803,0.4143355248705377,1,,,[]
a5dadc57cc5a4edf8985d5b8edf5694b,Meadow–soil blend,Mixtures,Synthetic validation mixture: 65% Meadow grass + 35% Dry mineral soil. No noise. Not measured material data.,Synthetic experiment,2026-09-17T23:10:07.584585+00:00,0,123,2386.0629921259842,0.4160732447481926,1,,,[]
a5dadc57cc5a4edf8985d5b8edf5694b,Meadow–soil blend,Mixtures,Synthetic validation mixture: 65% Meadow grass + 35% Dry mineral soil. No noise. Not measured material data.,Synthetic experiment,2026-09-17T23:10:07.584585+00:00,0,124,2402.047244094488,0.4174824474366658,1,,,[]
a5dadc57cc5a4edf8985d5b8edf5694b,Meadow–soil blend,Mixtures,Synthetic validation mixture: 65% Meadow grass + 35% Dry mineral soil. No noise. Not measured material data.,Synthetic experiment,2026-09-17T23:10:07.584585+00:00,0,125,2418.031496062992,0.41863306419583524,1,,,[]
a5dadc57cc5a4edf8985d5b8edf5694b,Meadow–soil blend,Mixtures,Synthetic validation mixture: 65% Meadow grass + 35% Dry mineral soil. No noise. Not measured material data.,Synthetic experiment,2026-09-17T23:10:07.584585+00:00,0,126,2434.015748031496,0.41959043871073126,1,,,[]
a5dadc57cc5a4edf8985d5b8edf5694b,Meadow–soil blend,Mixtures,Synthetic validation mixture: 65% Meadow grass + 35% Dry mineral soil. No noise. Not measured material data.,Synthetic experiment,2026-09-17T23:10:07.584585+00:00,0,127,2450.0,0.4204103124775038,1,,,[]
c9996f1cb0a047899d32e5befb70fce6,1_coat_gloss_olive_alkyd_coated_aluminum,Coatings,green-alumnimuminum~~4,generic.csv,2026-09-18T15:05:39.938233+00:00,0,0,445.5,0.1,1,0385UUUPWW,,[]
c9996f1cb0a047899d32e5befb70fce6,1_coat_gloss_olive_alkyd_coated_aluminum,Coatings,green-alumnimuminum~~4,generic.csv,2026-09-18T15:05:39.938233+00:00,0,1,461.5,0.11,1,0385UUUPWW,,[]
c9996f1cb0a047899d32e5befb70fce6,1_coat_gloss_olive_alkyd_coated_aluminum,Coatings,green-alumnimuminum~~4,generic.csv,2026-09-18T15:05:39.938233+00:00,0,2,477.5,0.13,1,0385UUUPWW,,[]
c9996f1cb0a047899d32e5befb70fce6,1_coat_gloss_olive_alkyd_coated_aluminum,Coatings,green-alumnimuminum~~4,generic.csv,2026-09-18T15:05:39.938233+00:00,0,3,493.5,0.12,1,0385UUUPWW,,[]
c9996f1cb0a047899d32e5befb70fce6,1_coat_gloss_olive_alkyd_coated_aluminum,Coatings,green-alumnimuminum~~4,generic.csv,2026-09-18T15:05:39.938233+00:00,0,4,509.49999999999994,0.12,1,0385UUUPWW,,[]
c9996f1cb0a047899d32e5befb70fce6,1_coat_gloss_olive_alkyd_coated_aluminum,Coatings,green-alumnimuminum~~4,generic.csv,2026-09-18T15:05:39.938233+00:00,0,5,525.5,0.12,1,0385UUUPWW,,[]
c9996f1cb0a047899d32e5befb70fce6,1_coat_gloss_olive_alkyd_coated_aluminum,Coatings,green-alumnimuminum~~4,generic.csv,2026-09-18T15:05:39.938233+00:00,0,6,541.5,0.2,1,0385UUUPWW,,[]
c9996f1cb0a047899d32e5befb70fce6,1_coat_gloss_olive_alkyd_coated_aluminum,Coatings,green-alumnimuminum~~4,generic.csv,2026-09-18T15:05:39.938233+00:00,0,7,557.5,0.17,1,0385UUUPWW,,[]
c9996f1cb0a047899d32e5befb70fce6,1_coat_gloss_olive_alkyd_coated_aluminum,Coatings,green-alumnimuminum~~4,generic.csv,2026-09-18T15:05:39.938233+00:00,0,8,573.5,0.14,1,0385UUUPWW,,[]
c9996f1cb0a047899d32e5befb70fce6,1_coat_gloss_olive_alkyd_coated_aluminum,Coatings,green-alumnimuminum~~4,generic.csv,2026-09-18T15:05:39.938233+00:00,0,9,589.5,0.11,1,0385UUUPWW,,[]
c9996f1cb0a047899d32e5befb70fce6,1_coat_gloss_olive_alkyd_coated_aluminum,Coatings,green-alumnimuminum~~4,generic.csv,2026-09-18T15:05:39.938233+00:00,0,10,605.5,0.1,1,0385UUUPWW,,[]
c9996f1cb0a047899d32e5befb70fce6,1_coat_gloss_olive_alkyd_coated_aluminum,Coatings,green-alumnimuminum~~4,generic.csv,2026-09-18T15:05:39.938233+00:00,0,11,621.5,0.11,1,0385UUUPWW,,[]
c9996f1cb0a047899d32e5befb70fce6,1_coat_gloss_olive_alkyd_coated_aluminum,Coatings,green-alumnimuminum~~4,generic.csv,2026-09-18T15:05:39.938233+00:00,0,12,637.5,0.11,1,0385UUUPWW,,[]
c9996f1cb0a047899d32e5befb70fce6,1_coat_gloss_olive_alkyd_coated_aluminum,Coatings,green-alumnimuminum~~4,generic.csv,2026-09-18T15:05:39.938233+00:00,0,13,653.5,0.117601721,1,0385UUUPWW,,[]
c9996f1cb0a047899d32e5befb70fce6,1_coat_gloss_olive_alkyd_coated_aluminum,Coatings,green-alumnimuminum~~4,generic.csv,2026-09-18T15:05:39.938233+00:00,0,14,669.5,0.9,1,0385UUUPWW,,[]
c9996f1cb0a047899d32e5befb70fce6,1_coat_gloss_olive_alkyd_coated_aluminum,Coatings,green-alumnimuminum~~4,generic.csv,2026-09-18T15:05:39.938233+00:00,0,15,685.5,0.14,1,0385UUUPWW,,[]
c9996f1cb0a047899d32e5befb70fce6,1_coat_gloss_olive_alkyd_coated_aluminum,Coatings,green-alumnimuminum~~4,generic.csv,2026-09-18T15:05:39.938233+00:00,0,16,701.5,0.11,1,0385UUUPWW,,[]
c9996f1cb0a047899d32e5befb70fce6,1_coat_gloss_olive_alkyd_coated_aluminum,Coatings,green-alumnimuminum~~4,generic.csv,2026-09-18T15:05:39.938233+00:00,0,17,717.5,0.07,1,0385UUUPWW,,[]
c9996f1cb0a047899d32e5befb70fce6,1_coat_gloss_olive_alkyd_coated_aluminum,Coatings,green-alumnimuminum~~4,generic.csv,2026-09-18T15:05:39.938233+00:00,0,18,733.5,0.15,1,0385UUUPWW,,[]
c9996f1cb0a047899d32e5befb70fce6,1_coat_gloss_olive_alkyd_coated_aluminum,Coatings,green-alumnimuminum~~4,generic.csv,2026-09-18T15:05:39.938233+00:00,0,19,749.5,0.28,1,0385UUUPWW,,[]
c9996f1cb0a047899d32e5befb70fce6,1_coat_gloss_olive_alkyd_coated_aluminum,Coatings,green-alumnimuminum~~4,generic.csv,2026-09-18T15:05:39.938233+00:00,0,20,765.5,0.2,1,0385UUUPWW,,[]
c9996f1cb0a047899d32e5befb70fce6,1_coat_gloss_olive_alkyd_coated_aluminum,Coatings,green-alumnimuminum~~4,generic.csv,2026-09-18T15:05:39.938233+00:00,0,21,781.5,0.28,1,0385UUUPWW,,[]
c9996f1cb0a047899d32e5befb70fce6,1_coat_gloss_olive_alkyd_coated_aluminum,Coatings,green-alumnimuminum~~4,generic.csv,2026-09-18T15:05:39.938233+00:00,0,22,797.5,0.24,1,0385UUUPWW,,[]
c9996f1cb0a047899d32e5befb70fce6,1_coat_gloss_olive_alkyd_coated_aluminum,Coatings,green-alumnimuminum~~4,generic.csv,2026-09-18T15:05:39.938233+00:00,0,23,813.5,0.24,1,0385UUUPWW,,[]
c9996f1cb0a047899d32e5befb70fce6,1_coat_gloss_olive_alkyd_coated_aluminum,Coatings,green-alumnimuminum~~4,generic.csv,2026-09-18T15:05:39.938233+00:00,0,24,829.5,0.21,1,0385UUUPWW,,[]
c9996f1cb0a047899d32e5befb70fce6,1_coat_gloss_olive_alkyd_coated_aluminum,Coatings,green-alumnimuminum~~4,generic.csv,2026-09-18T15:05:39.938233+00:00,0,25,845.5,0.4,1,0385UUUPWW,,[]
c9996f1cb0a047899d32e5befb70fce6,1_coat_gloss_olive_alkyd_coated_aluminum,Coatings,green-alumnimuminum~~4,generic.csv,2026-09-18T15:05:39.938233+00:00,0,26,861.5,0.34,1,0385UUUPWW,,[]
c9996f1cb0a047899d32e5befb70fce6,1_coat_gloss_olive_alkyd_coated_aluminum,Coatings,green-alumnimuminum~~4,generic.csv,2026-09-18T15:05:39.938233+00:00,0,27,877.5,0.31,1,0385UUUPWW,,[]
c9996f1cb0a047899d32e5befb70fce6,1_coat_gloss_olive_alkyd_coated_aluminum,Coatings,green-alumnimuminum~~4,generic.csv,2026-09-18T15:05:39.938233+00:00,0,28,893.5,0.32,1,0385UUUPWW,,[]
c9996f1cb0a047899d32e5befb70fce6,1_coat_gloss_olive_alkyd_coated_aluminum,Coatings,green-alumnimuminum~~4,generic.csv,2026-09-18T15:05:39.938233+00:00,0,29,909.5,0.38,1,0385UUUPWW,,[]
c9996f1cb0a047899d32e5befb70fce6,1_coat_gloss_olive_alkyd_coated_aluminum,Coatings,green-alumnimuminum~~4,generic.csv,2026-09-18T15:05:39.938233+00:00,0,30,925.5,,0,0385UUUPWW,,[]
c9996f1cb0a047899d32e5befb70fce6,1_coat_gloss_olive_alkyd_coated_aluminum,Coatings,green-alumnimuminum~~4,generic.csv,2026-09-18T15:05:39.938233+00:00,0,31,941.5,,0,0385UUUPWW,,[]
c9996f1cb0a047899d32e5befb70fce6,1_coat_gloss_olive_alkyd_coated_aluminum,Coatings,green-alumnimuminum~~4,generic.csv,2026-09-18T15:05:39.938233+00:00,0,32,957.5,,0,0385UUUPWW,,[]
c9996f1cb0a047899d32e5befb70fce6,1_coat_gloss_olive_alkyd_coated_aluminum,Coatings,green-alumnimuminum~~4,generic.csv,2026-09-18T15:05:39.938233+00:00,0,33,973.5,,0,0385UUUPWW,,[]
c9996f1cb0a047899d32e5befb70fce6,1_coat_gloss_olive_alkyd_coated_aluminum,Coatings,green-alumnimuminum~~4,generic.csv,2026-09-18T15:05:39.938233+00:00,0,34,989.5,0.41,1,0385UUUPWW,,[]
c9996f1cb0a047899d32e5befb70fce6,1_coat_gloss_olive_alkyd_coated_aluminum,Coatings,green-alumnimuminum~~4,generic.csv,2026-09-18T15:05:39.938233+00:00,0,35,1005.5000000000001,0.41,1,0385UUUPWW,,[]
c9996f1cb0a047899d32e5befb70fce6,1_coat_gloss_olive_alkyd_coated_aluminum,Coatings,green-alumnimuminum~~4,generic.csv,2026-09-18T15:05:39.938233+00:00,0,36,1021.5000000000001,0.42,1,0385UUUPWW,,[]
c9996f1cb0a047899d32e5befb70fce6,1_coat_gloss_olive_alkyd_coated_aluminum,Coatings,green-alumnimuminum~~4,generic.csv,2026-09-18T15:05:39.938233+00:00,0,37,1037.5,0.36,1,0385UUUPWW,,[]
c9996f1cb0a047899d32e5befb70fce6,1_coat_gloss_olive_alkyd_coated_aluminum,Coatings,green-alumnimuminum~~4,generic.csv,2026-09-18T15:05:39.938233+00:00,0,38,1053.5,0.34,1,0385UUUPWW,,[]
c9996f1cb0a047899d32e5befb70fce6,1_coat_gloss_olive_alkyd_coated_aluminum,Coatings,green-alumnimuminum~~4,generic.csv,2026-09-18T15:05:39.938233+00:00,0,39,1069.5,0.34,1,0385UUUPWW,,[]
c9996f1cb0a047899d32e5befb70fce6,1_coat_gloss_olive_alkyd_coated_aluminum,Coatings,green-alumnimuminum~~4,generic.csv,2026-09-18T15:05:39.938233+00:00,0,40,1085.5,,0,0385UUUPWW,,[]
c9996f1cb0a047899d32e5befb70fce6,1_coat_gloss_olive_alkyd_coated_aluminum,Coatings,green-alumnimuminum~~4,generic.csv,2026-09-18T15:05:39.938233+00:00,0,41,1101.5,,0,0385UUUPWW,,[]
c9996f1cb0a047899d32e5befb70fce6,1_coat_gloss_olive_alkyd_coated_aluminum,Coatings,green-alumnimuminum~~4,generic.csv,2026-09-18T15:05:39.938233+00:00,0,42,1117.5,,0,0385UUUPWW,,[]
c9996f1cb0a047899d32e5befb70fce6,1_coat_gloss_olive_alkyd_coated_aluminum,Coatings,green-alumnimuminum~~4,generic.csv,2026-09-18T15:05:39.938233+00:00,0,43,1133.5,,0,0385UUUPWW,,[]
c9996f1cb0a047899d32e5befb70fce6,1_coat_gloss_olive_alkyd_coated_aluminum,Coatings,green-alumnimuminum~~4,generic.csv,2026-09-18T15:05:39.938233+00:00,0,44,1149.5,,0,0385UUUPWW,,[]
c9996f1cb0a047899d32e5befb70fce6,1_coat_gloss_olive_alkyd_coated_aluminum,Coatings,green-alumnimuminum~~4,generic.csv,2026-09-18T15:05:39.938233+00:00,0,45,1165.5,,0,0385UUUPWW,,[]
c9996f1cb0a047899d32e5befb70fce6,1_coat_gloss_olive_alkyd_coated_aluminum,Coatings,green-alumnimuminum~~4,generic.csv,2026-09-18T15:05:39.938233+00:00,0,46,1181.5,,0,0385UUUPWW,,[]
c9996f1cb0a047899d32e5befb70fce6,1_coat_gloss_olive_alkyd_coated_aluminum,Coatings,green-alumnimuminum~~4,generic.csv,2026-09-18T15:05:39.938233+00:00,0,47,1197.5,,0,0385UUUPWW,,[]
c9996f1cb0a047899d32e5befb70fce6,1_coat_gloss_olive_alkyd_coated_aluminum,Coatings,green-alumnimuminum~~4,generic.csv,2026-09-18T15:05:39.938233+00:00,0,48,1213.5,0.5,1,0385UUUPWW,,[]
c9996f1cb0a047899d32e5befb70fce6,1_coat_gloss_olive_alkyd_coated_aluminum,Coatings,green-alumnimuminum~~4,generic.csv,2026-09-18T15:05:39.938233+00:00,0,49,1229.5,0.53,1,0385UUUPWW,,[]
c9996f1cb0a047899d32e5befb70fce6,1_coat_gloss_olive_alkyd_coated_aluminum,Coatings,green-alumnimuminum~~4,generic.csv,2026-09-18T15:05:39.938233+00:00,0,50,1245.5,0.51,1,0385UUUPWW,,[]
c9996f1cb0a047899d32e5befb70fce6,1_coat_gloss_olive_alkyd_coated_aluminum,Coatings,green-alumnimuminum~~4,generic.csv,2026-09-18T15:05:39.938233+00:00,0,51,1261.5,0.52,1,0385UUUPWW,,[]
c9996f1cb0a047899d32e5befb70fce6,1_coat_gloss_olive_alkyd_coated_aluminum,Coatings,green-alumnimuminum~~4,generic.csv,2026-09-18T15:05:39.938233+00:00,0,52,1277.5,0.52,1,0385UUUPWW,,[]
c9996f1cb0a047899d32e5befb70fce6,1_coat_gloss_olive_alkyd_coated_aluminum,Coatings,green-alumnimuminum~~4,generic.csv,2026-09-18T15:05:39.938233+00:00,0,53,1293.5,0.52,1,0385UUUPWW,,[]
c9996f1cb0a047899d32e5befb70fce6,1_coat_gloss_olive_alkyd_coated_aluminum,Coatings,green-alumnimuminum~~4,generic.csv,2026-09-18T15:05:39.938233+00:00,0,54,1309.5,0.52,1,0385UUUPWW,,[]
c9996f1cb0a047899d32e5befb70fce6,1_coat_gloss_olive_alkyd_coated_aluminum,Coatings,green-alumnimuminum~~4,generic.csv,2026-09-18T15:05:39.938233+00:00,0,55,1325.5,0.52,1,0385UUUPWW,,[]
c9996f1cb0a047899d32e5befb70fce6,1_coat_gloss_olive_alkyd_coated_aluminum,Coatings,green-alumnimuminum~~4,generic.csv,2026-09-18T15:05:39.938233+00:00,0,56,1469.5,,0,0385UUUPWW,,[]
c9996f1cb0a047899d32e5befb70fce6,1_coat_gloss_olive_alkyd_coated_aluminum,Coatings,green-alumnimuminum~~4,generic.csv,2026-09-18T15:05:39.938233+00:00,0,57,1485.5,,0,0385UUUPWW,,[]
c9996f1cb0a047899d32e5befb70fce6,1_coat_gloss_olive_alkyd_coated_aluminum,Coatings,green-alumnimuminum~~4,generic.csv,2026-09-18T15:05:39.938233+00:00,0,58,1501.5,0.52,1,0385UUUPWW,,[]
c9996f1cb0a047899d32e5befb70fce6,1_coat_gloss_olive_alkyd_coated_aluminum,Coatings,green-alumnimuminum~~4,generic.csv,2026-09-18T15:05:39.938233+00:00,0,59,1517.5,0.52,1,0385UUUPWW,,[]
c9996f1cb0a047899d32e5befb70fce6,1_coat_gloss_olive_alkyd_coated_aluminum,Coatings,green-alumnimuminum~~4,generic.csv,2026-09-18T15:05:39.938233+00:00,0,60,1533.5,0.52,1,0385UUUPWW,,[]
c9996f1cb0a047899d32e5befb70fce6,1_coat_gloss_olive_alkyd_coated_aluminum,Coatings,green-alumnimuminum~~4,generic.csv,2026-09-18T15:05:39.938233+00:00,0,61,1549.5,0.52,1,0385UUUPWW,,[]
c9996f1cb0a047899d32e5befb70fce6,1_coat_gloss_olive_alkyd_coated_aluminum,Coatings,green-alumnimuminum~~4,generic.csv,2026-09-18T15:05:39.938233+00:00,0,62,1565.5,0.52,1,0385UUUPWW,,[]
c9996f1cb0a047899d32e5befb70fce6,1_coat_gloss_olive_alkyd_coated_aluminum,Coatings,green-alumnimuminum~~4,generic.csv,2026-09-18T15:05:39.938233+00:00,0,63,1581.5,0.52,1,0385UUUPWW,,[]
c9996f1cb0a047899d32e5befb70fce6,1_coat_gloss_olive_alkyd_coated_aluminum,Coatings,green-alumnimuminum~~4,generic.csv,2026-09-18T15:05:39.938233+00:00,0,64,1597.5,0.52,1,0385UUUPWW,,[]
c9996f1cb0a047899d32e5befb70fce6,1_coat_gloss_olive_alkyd_coated_aluminum,Coatings,green-alumnimuminum~~4,generic.csv,2026-09-18T15:05:39.938233+00:00,0,65,1613.5,0.52,1,0385UUUPWW,,[]
c9996f1cb0a047899d32e5befb70fce6,1_coat_gloss_olive_alkyd_coated_aluminum,Coatings,green-alumnimuminum~~4,generic.csv,2026-09-18T15:05:39.938233+00:00,0,66,1629.5,0.52,1,0385UUUPWW,,[]
c9996f1cb0a047899d32e5befb70fce6,1_coat_gloss_olive_alkyd_coated_aluminum,Coatings,green-alumnimuminum~~4,generic.csv,2026-09-18T15:05:39.938233+00:00,0,67,1645.5,0.52,1,0385UUUPWW,,[]
c9996f1cb0a047899d32e5befb70fce6,1_coat_gloss_olive_alkyd_coated_aluminum,Coatings,green-alumnimuminum~~4,generic.csv,2026-09-18T15:05:39.938233+00:00,0,68,1661.5,0.52,1,0385UUUPWW,,[]
c9996f1cb0a047899d32e5befb70fce6,1_coat_gloss_olive_alkyd_coated_aluminum,Coatings,green-alumnimuminum~~4,generic.csv,2026-09-18T15:05:39.938233+00:00,0,69,1677.5,0.52,1,0385UUUPWW,,[]
c9996f1cb0a047899d32e5befb70fce6,1_coat_gloss_olive_alkyd_coated_aluminum,Coatings,green-alumnimuminum~~4,generic.csv,2026-09-18T15:05:39.938233+00:00,0,70,1693.5,0.52,1,0385UUUPWW,,[]
c9996f1cb0a047899d32e5befb70fce6,1_coat_gloss_olive_alkyd_coated_aluminum,Coatings,green-alumnimuminum~~4,generic.csv,2026-09-18T15:05:39.938233+00:00,0,71,1709.5,0.52,1,0385UUUPWW,,[]
c9996f1cb0a047899d32e5befb70fce6,1_coat_gloss_olive_alkyd_coated_aluminum,Coatings,green-alumnimuminum~~4,generic.csv,2026-09-18T15:05:39.938233+00:00,0,72,1725.5,0.52,1,0385UUUPWW,,[]
c9996f1cb0a047899d32e5befb70fce6,1_coat_gloss_olive_alkyd_coated_aluminum,Coatings,green-alumnimuminum~~4,generic.csv,2026-09-18T15:05:39.938233+00:00,0,73,1741.5,0.52,1,0385UUUPWW,,[]
c9996f1cb0a047899d32e5befb70fce6,1_coat_gloss_olive_alkyd_coated_aluminum,Coatings,green-alumnimuminum~~4,generic.csv,2026-09-18T15:05:39.938233+00:00,0,74,1757.5,,0,0385UUUPWW,,[]
c9996f1cb0a047899d32e5befb70fce6,1_coat_gloss_olive_alkyd_coated_aluminum,Coatings,green-alumnimuminum~~4,generic.csv,2026-09-18T15:05:39.938233+00:00,0,75,1773.5,,0,0385UUUPWW,,[]
c9996f1cb0a047899d32e5befb70fce6,1_coat_gloss_olive_alkyd_coated_aluminum,Coatings,green-alumnimuminum~~4,generic.csv,2026-09-18T15:05:39.938233+00:00,0,76,1789.5,,0,0385UUUPWW,,[]
c9996f1cb0a047899d32e5befb70fce6,1_coat_gloss_olive_alkyd_coated_aluminum,Coatings,green-alumnimuminum~~4,generic.csv,2026-09-18T15:05:39.938233+00:00,0,77,1981.5,,0,0385UUUPWW,,[]
c9996f1cb0a047899d32e5befb70fce6,1_coat_gloss_olive_alkyd_coated_aluminum,Coatings,green-alumnimuminum~~4,generic.csv,2026-09-18T15:05:39.938233+00:00,0,78,1997.5,,0,0385UUUPWW,,[]
c9996f1cb0a047899d32e5befb70fce6,1_coat_gloss_olive_alkyd_coated_aluminum,Coatings,green-alumnimuminum~~4,generic.csv,2026-09-18T15:05:39.938233+00:00,0,79,2013.5,,0,0385UUUPWW,,[]
7a7ab1dd44b442199cd03a30dda09c40,2_coat_gloss_olive_alkyd_coated_aluminum,Coatings,olive-green~~5,generic.csv,2026-09-18T15:05:39.950873+00:00,0,0,445.5,0.1096126376683182,1,0386UUUPSTR,,[]
7a7ab1dd44b442199cd03a30dda09c40,2_coat_gloss_olive_alkyd_coated_aluminum,Coatings,olive-green~~5,generic.csv,2026-09-18T15:05:39.950873+00:00,0,1,461.5,0.1096126376683182,1,0386UUUPSTR,,[]
7a7ab1dd44b442199cd03a30dda09c40,2_coat_gloss_olive_alkyd_coated_aluminum,Coatings,olive-green~~5,generic.csv,2026-09-18T15:05:39.950873+00:00,0,2,477.5,0.1096126376683182,1,0386UUUPSTR,,[]
7a7ab1dd44b442199cd03a30dda09c40,2_coat_gloss_olive_alkyd_coated_aluminum,Coatings,olive-green~~5,generic.csv,2026-09-18T15:05:39.950873+00:00,0,3,493.5,0.1096126376683182,1,0386UUUPSTR,,[]
7a7ab1dd44b442199cd03a30dda09c40,2_coat_gloss_olive_alkyd_coated_aluminum,Coatings,olive-green~~5,generic.csv,2026-09-18T15:05:39.950873+00:00,0,4,509.49999999999994,0.1096126376683182,1,0386UUUPSTR,,[]
7a7ab1dd44b442199cd03a30dda09c40,2_coat_gloss_olive_alkyd_coated_aluminum,Coatings,olive-green~~5,generic.csv,2026-09-18T15:05:39.950873+00:00,0,5,525.5,0.1096126376683182,1,0386UUUPSTR,,[]
7a7ab1dd44b442199cd03a30dda09c40,2_coat_gloss_olive_alkyd_coated_aluminum,Coatings,olive-green~~5,generic.csv,2026-09-18T15:05:39.950873+00:00,0,6,541.5,0.1096126376683182,1,0386UUUPSTR,,[]
7a7ab1dd44b442199cd03a30dda09c40,2_coat_gloss_olive_alkyd_coated_aluminum,Coatings,olive-green~~5,generic.csv,2026-09-18T15:05:39.950873+00:00,0,7,557.5,0.1096126376683182,1,0386UUUPSTR,,[]
7a7ab1dd44b442199cd03a30dda09c40,2_coat_gloss_olive_alkyd_coated_aluminum,Coatings,olive-green~~5,generic.csv,2026-09-18T15:05:39.950873+00:00,0,8,573.5,0.1096126376683182,1,0386UUUPSTR,,[]
7a7ab1dd44b442199cd03a30dda09c40,2_coat_gloss_olive_alkyd_coated_aluminum,Coatings,olive-green~~5,generic.csv,2026-09-18T15:05:39.950873+00:00,0,9,589.5,0.1096126376683182,1,0386UUUPSTR,,[]
7a7ab1dd44b442199cd03a30dda09c40,2_coat_gloss_olive_alkyd_coated_aluminum,Coatings,olive-green~~5,generic.csv,2026-09-18T15:05:39.950873+00:00,0,10,605.5,0.1096126376683182,1,0386UUUPSTR,,[]
7a7ab1dd44b442199cd03a30dda09c40,2_coat_gloss_olive_alkyd_coated_aluminum,Coatings,olive-green~~5,generic.csv,2026-09-18T15:05:39.950873+00:00,0,11,621.5,0.1096126376683182,1,0386UUUPSTR,,[]
7a7ab1dd44b442199cd03a30dda09c40,2_coat_gloss_olive_alkyd_coated_aluminum,Coatings,olive-green~~5,generic.csv,2026-09-18T15:05:39.950873+00:00,0,12,637.5,0.1096126376683182,1,0386UUUPSTR,,[]
7a7ab1dd44b442199cd03a30dda09c40,2_coat_gloss_olive_alkyd_coated_aluminum,Coatings,olive-green~~5,generic.csv,2026-09-18T15:05:39.950873+00:00,0,13,653.5,0.1096126376683182,1,0386UUUPSTR,,[]
7a7ab1dd44b442199cd03a30dda09c40,2_coat_gloss_olive_alkyd_coated_aluminum,Coatings,olive-green~~5,generic.csv,2026-09-18T15:05:39.950873+00:00,0,14,669.5,0.1096126376683182,1,0386UUUPSTR,,[]
7a7ab1dd44b442199cd03a30dda09c40,2_coat_gloss_olive_alkyd_coated_aluminum,Coatings,olive-green~~5,generic.csv,2026-09-18T15:05:39.950873+00:00,0,15,685.5,0.1096126376683182,1,0386UUUPSTR,,[]
7a7ab1dd44b442199cd03a30dda09c40,2_coat_gloss_olive_alkyd_coated_aluminum,Coatings,olive-green~~5,generic.csv,2026-09-18T15:05:39.950873+00:00,0,16,701.5,0.1096126376683182,1,0386UUUPSTR,,[]
7a7ab1dd44b442199cd03a30dda09c40,2_coat_gloss_olive_alkyd_coated_aluminum,Coatings,olive-green~~5,generic.csv,2026-09-18T15:05:39.950873+00:00,0,17,717.5,0.1096126376683182,1,0386UUUPSTR,,[]
7a7ab1dd44b442199cd03a30dda09c40,2_coat_gloss_olive_alkyd_coated_aluminum,Coatings,olive-green~~5,generic.csv,2026-09-18T15:05:39.950873+00:00,0,18,733.5,0.1096126376683182,1,0386UUUPSTR,,[]
7a7ab1dd44b442199cd03a30dda09c40,2_coat_gloss_olive_alkyd_coated_aluminum,Coatings,olive-green~~5,generic.csv,2026-09-18T15:05:39.950873+00:00,0,19,749.5,0.1096126376683182,1,0386UUUPSTR,,[]
7a7ab1dd44b442199cd03a30dda09c40,2_coat_gloss_olive_alkyd_coated_aluminum,Coatings,olive-green~~5,generic.csv,2026-09-18T15:05:39.950873+00:00,0,20,765.5,0.1096126376683182,1,0386UUUPSTR,,[]
7a7ab1dd44b442199cd03a30dda09c40,2_coat_gloss_olive_alkyd_coated_aluminum,Coatings,olive-green~~5,generic.csv,2026-09-18T15:05:39.950873+00:00,0,21,781.5,0.1096126376683182,1,0386UUUPSTR,,[]
7a7ab1dd44b442199cd03a30dda09c40,2_coat_gloss_olive_alkyd_coated_aluminum,Coatings,olive-green~~5,generic.csv,2026-09-18T15:05:39.950873+00:00,0,22,797.5,0.1096126376683182,1,0386UUUPSTR,,[]
7a7ab1dd44b442199cd03a30dda09c40,2_coat_gloss_olive_alkyd_coated_aluminum,Coatings,olive-green~~5,generic.csv,2026-09-18T15:05:39.950873+00:00,0,23,813.5,0.1096126376683182,1,0386UUUPSTR,,[]
7a7ab1dd44b442199cd03a30dda09c40,2_coat_gloss_olive_alkyd_coated_aluminum,Coatings,olive-green~~5,generic.csv,2026-09-18T15:05:39.950873+00:00,0,24,829.5,0.1096126376683182,1,0386UUUPSTR,,[]
7a7ab1dd44b442199cd03a30dda09c40,2_coat_gloss_olive_alkyd_coated_aluminum,Coatings,olive-green~~5,generic.csv,2026-09-18T15:05:39.950873+00:00,0,25,845.5,0.1096126376683182,1,0386UUUPSTR,,[]
7a7ab1dd44b442199cd03a30dda09c40,2_coat_gloss_olive_alkyd_coated_aluminum,Coatings,olive-green~~5,generic.csv,2026-09-18T15:05:39.950873+00:00,0,26,861.5,0.1096126376683182,1,0386UUUPSTR,,[]
7a7ab1dd44b442199cd03a30dda09c40,2_coat_gloss_olive_alkyd_coated_aluminum,Coatings,olive-green~~5,generic.csv,2026-09-18T15:05:39.950873+00:00,0,27,877.5,0.1096126376683182,1,0386UUUPSTR,,[]
7a7ab1dd44b442199cd03a30dda09c40,2_coat_gloss_olive_alkyd_coated_aluminum,Coatings,olive-green~~5,generic.csv,2026-09-18T15:05:39.950873+00:00,0,28,893.5,0.1096126376683182,1,0386UUUPSTR,,[]
7a7ab1dd44b442199cd03a30dda09c40,2_coat_gloss_olive_alkyd_coated_aluminum,Coatings,olive-green~~5,generic.csv,2026-09-18T15:05:39.950873+00:00,0,29,909.5,0.1096126376683182,1,0386UUUPSTR,,[]
7a7ab1dd44b442199cd03a30dda09c40,2_coat_gloss_olive_alkyd_coated_aluminum,Coatings,olive-green~~5,generic.csv,2026-09-18T15:05:39.950873+00:00,0,30,925.5,,0,0386UUUPSTR,,[]
7a7ab1dd44b442199cd03a30dda09c40,2_coat_gloss_olive_alkyd_coated_aluminum,Coatings,olive-green~~5,generic.csv,2026-09-18T15:05:39.950873+00:00,0,31,941.5,,0,0386UUUPSTR,,[]
7a7ab1dd44b442199cd03a30dda09c40,2_coat_gloss_olive_alkyd_coated_aluminum,Coatings,olive-green~~5,generic.csv,2026-09-18T15:05:39.950873+00:00,0,32,957.5,,0,0386UUUPSTR,,[]
7a7ab1dd44b442199cd03a30dda09c40,2_coat_gloss_olive_alkyd_coated_aluminum,Coatings,olive-green~~5,generic.csv,2026-09-18T15:05:39.950873+00:00,0,33,973.5,,0,0386UUUPSTR,,[]
7a7ab1dd44b442199cd03a30dda09c40,2_coat_gloss_olive_alkyd_coated_aluminum,Coatings,olive-green~~5,generic.csv,2026-09-18T15:05:39.950873+00:00,0,34,989.5,0.1096126376683182,1,0386UUUPSTR,,[]
7a7ab1dd44b442199cd03a30dda09c40,2_coat_gloss_olive_alkyd_coated_aluminum,Coatings,olive-green~~5,generic.csv,2026-09-18T15:05:39.950873+00:00,0,35,1005.5000000000001,0.1096126376683182,1,0386UUUPSTR,,[]
7a7ab1dd44b442199cd03a30dda09c40,2_coat_gloss_olive_alkyd_coated_aluminum,Coatings,olive-green~~5,generic.csv,2026-09-18T15:05:39.950873+00:00,0,36,1021.5000000000001,0.1096126376683182,1,0386UUUPSTR,,[]
7a7ab1dd44b442199cd03a30dda09c40,2_coat_gloss_olive_alkyd_coated_aluminum,Coatings,olive-green~~5,generic.csv,2026-09-18T15:05:39.950873+00:00,0,37,1037.5,0.1096126376683182,1,0386UUUPSTR,,[]
7a7ab1dd44b442199cd03a30dda09c40,2_coat_gloss_olive_alkyd_coated_aluminum,Coatings,olive-green~~5,generic.csv,2026-09-18T15:05:39.950873+00:00,0,38,1053.5,0.1096126376683182,1,0386UUUPSTR,,[]
7a7ab1dd44b442199cd03a30dda09c40,2_coat_gloss_olive_alkyd_coated_aluminum,Coatings,olive-green~~5,generic.csv,2026-09-18T15:05:39.950873+00:00,0,39,1069.5,0.1096126376683182,1,0386UUUPSTR,,[]
7a7ab1dd44b442199cd03a30dda09c40,2_coat_gloss_olive_alkyd_coated_aluminum,Coatings,olive-green~~5,generic.csv,2026-09-18T15:05:39.950873+00:00,0,40,1085.5,,0,0386UUUPSTR,,[]
7a7ab1dd44b442199cd03a30dda09c40,2_coat_gloss_olive_alkyd_coated_aluminum,Coatings,olive-green~~5,generic.csv,2026-09-18T15:05:39.950873+00:00,0,41,1101.5,,0,0386UUUPSTR,,[]
7a7ab1dd44b442199cd03a30dda09c40,2_coat_gloss_olive_alkyd_coated_aluminum,Coatings,olive-green~~5,generic.csv,2026-09-18T15:05:39.950873+00:00,0,42,1117.5,,0,0386UUUPSTR,,[]
7a7ab1dd44b442199cd03a30dda09c40,2_coat_gloss_olive_alkyd_coated_aluminum,Coatings,olive-green~~5,generic.csv,2026-09-18T15:05:39.950873+00:00,0,43,1133.5,,0,0386UUUPSTR,,[]
7a7ab1dd44b442199cd03a30dda09c40,2_coat_gloss_olive_alkyd_coated_aluminum,Coatings,olive-green~~5,generic.csv,2026-09-18T15:05:39.950873+00:00,0,44,1149.5,,0,0386UUUPSTR,,[]
7a7ab1dd44b442199cd03a30dda09c40,2_coat_gloss_olive_alkyd_coated_aluminum,Coatings,olive-green~~5,generic.csv,2026-09-18T15:05:39.950873+00:00,0,45,1165.5,,0,0386UUUPSTR,,[]
7a7ab1dd44b442199cd03a30dda09c40,2_coat_gloss_olive_alkyd_coated_aluminum,Coatings,olive-green~~5,generic.csv,2026-09-18T15:05:39.950873+00:00,0,46,1181.5,,0,0386UUUPSTR,,[]
7a7ab1dd44b442199cd03a30dda09c40,2_coat_gloss_olive_alkyd_coated_aluminum,Coatings,olive-green~~5,generic.csv,2026-09-18T15:05:39.950873+00:00,0,47,1197.5,,0,0386UUUPSTR,,[]
7a7ab1dd44b442199cd03a30dda09c40,2_coat_gloss_olive_alkyd_coated_aluminum,Coatings,olive-green~~5,generic.csv,2026-09-18T15:05:39.950873+00:00,0,48,1213.5,0.1096126376683182,1,0386UUUPSTR,,[]
7a7ab1dd44b442199cd03a30dda09c40,2_coat_gloss_olive_alkyd_coated_aluminum,Coatings,olive-green~~5,generic.csv,2026-09-18T15:05:39.950873+00:00,0,49,1229.5,0.1096126376683182,1,0386UUUPSTR,,[]
7a7ab1dd44b442199cd03a30dda09c40,2_coat_gloss_olive_alkyd_coated_aluminum,Coatings,olive-green~~5,generic.csv,2026-09-18T15:05:39.950873+00:00,0,50,1245.5,0.1096126376683182,1,0386UUUPSTR,,[]
7a7ab1dd44b442199cd03a30dda09c40,2_coat_gloss_olive_alkyd_coated_aluminum,Coatings,olive-green~~5,generic.csv,2026-09-18T15:05:39.950873+00:00,0,51,1261.5,0.1096126376683182,1,0386UUUPSTR,,[]
7a7ab1dd44b442199cd03a30dda09c40,2_coat_gloss_olive_alkyd_coated_aluminum,Coatings,olive-green~~5,generic.csv,2026-09-18T15:05:39.950873+00:00,0,52,1277.5,0.1096126376683182,1,0386UUUPSTR,,[]
7a7ab1dd44b442199cd03a30dda09c40,2_coat_gloss_olive_alkyd_coated_aluminum,Coatings,olive-green~~5,generic.csv,2026-09-18T15:05:39.950873+00:00,0,53,1293.5,0.1096126376683182,1,0386UUUPSTR,,[]
7a7ab1dd44b442199cd03a30dda09c40,2_coat_gloss_olive_alkyd_coated_aluminum,Coatings,olive-green~~5,generic.csv,2026-09-18T15:05:39.950873+00:00,0,54,1309.5,0.1096126376683182,1,0386UUUPSTR,,[]
7a7ab1dd44b442199cd03a30dda09c40,2_coat_gloss_olive_alkyd_coated_aluminum,Coatings,olive-green~~5,generic.csv,2026-09-18T15:05:39.950873+00:00,0,55,1325.5,0.1096126376683182,1,0386UUUPSTR,,[]
7a7ab1dd44b442199cd03a30dda09c40,2_coat_gloss_olive_alkyd_coated_aluminum,Coatings,olive-green~~5,generic.csv,2026-09-18T15:05:39.950873+00:00,0,56,1469.5,,0,0386UUUPSTR,,[]
7a7ab1dd44b442199cd03a30dda09c40,2_coat_gloss_olive_alkyd_coated_aluminum,Coatings,olive-green~~5,generic.csv,2026-09-18T15:05:39.950873+00:00,0,57,1485.5,,0,0386UUUPSTR,,[]
7a7ab1dd44b442199cd03a30dda09c40,2_coat_gloss_olive_alkyd_coated_aluminum,Coatings,olive-green~~5,generic.csv,2026-09-18T15:05:39.950873+00:00,0,58,1501.5,0.1096126376683182,1,0386UUUPSTR,,[]
7a7ab1dd44b442199cd03a30dda09c40,2_coat_gloss_olive_alkyd_coated_aluminum,Coatings,olive-green~~5,generic.csv,2026-09-18T15:05:39.950873+00:00,0,59,1517.5,0.1096126376683182,1,0386UUUPSTR,,[]
7a7ab1dd44b442199cd03a30dda09c40,2_coat_gloss_olive_alkyd_coated_aluminum,Coatings,olive-green~~5,generic.csv,2026-09-18T15:05:39.950873+00:00,0,60,1533.5,0.1096126376683182,1,0386UUUPSTR,,[]
7a7ab1dd44b442199cd03a30dda09c40,2_coat_gloss_olive_alkyd_coated_aluminum,Coatings,olive-green~~5,generic.csv,2026-09-18T15:05:39.950873+00:00,0,61,1549.5,0.1096126376683182,1,0386UUUPSTR,,[]
7a7ab1dd44b442199cd03a30dda09c40,2_coat_gloss_olive_alkyd_coated_aluminum,Coatings,olive-green~~5,generic.csv,2026-09-18T15:05:39.950873+00:00,0,62,1565.5,0.1096126376683182,1,0386UUUPSTR,,[]
7a7ab1dd44b442199cd03a30dda09c40,2_coat_gloss_olive_alkyd_coated_aluminum,Coatings,olive-green~~5,generic.csv,2026-09-18T15:05:39.950873+00:00,0,63,1581.5,0.1096126376683182,1,0386UUUPSTR,,[]
7a7ab1dd44b442199cd03a30dda09c40,2_coat_gloss_olive_alkyd_coated_aluminum,Coatings,olive-green~~5,generic.csv,2026-09-18T15:05:39.950873+00:00,0,64,1597.5,0.1096126376683182,1,0386UUUPSTR,,[]
7a7ab1dd44b442199cd03a30dda09c40,2_coat_gloss_olive_alkyd_coated_aluminum,Coatings,olive-green~~5,generic.csv,2026-09-18T15:05:39.950873+00:00,0,65,1613.5,0.1096126376683182,1,0386UUUPSTR,,[]
7a7ab1dd44b442199cd03a30dda09c40,2_coat_gloss_olive_alkyd_coated_aluminum,Coatings,olive-green~~5,generic.csv,2026-09-18T15:05:39.950873+00:00,0,66,1629.5,0.1096126376683182,1,0386UUUPSTR,,[]
7a7ab1dd44b442199cd03a30dda09c40,2_coat_gloss_olive_alkyd_coated_aluminum,Coatings,olive-green~~5,generic.csv,2026-09-18T15:05:39.950873+00:00,0,67,1645.5,0.1096126376683182,1,0386UUUPSTR,,[]
7a7ab1dd44b442199cd03a30dda09c40,2_coat_gloss_olive_alkyd_coated_aluminum,Coatings,olive-green~~5,generic.csv,2026-09-18T15:05:39.950873+00:00,0,68,1661.5,0.1096126376683182,1,0386UUUPSTR,,[]
7a7ab1dd44b442199cd03a30dda09c40,2_coat_gloss_olive_alkyd_coated_aluminum,Coatings,olive-green~~5,generic.csv,2026-09-18T15:05:39.950873+00:00,0,69,1677.5,0.1096126376683182,1,0386UUUPSTR,,[]
7a7ab1dd44b442199cd03a30dda09c40,2_coat_gloss_olive_alkyd_coated_aluminum,Coatings,olive-green~~5,generic.csv,2026-09-18T15:05:39.950873+00:00,0,70,1693.5,0.1096126376683182,1,0386UUUPSTR,,[]
7a7ab1dd44b442199cd03a30dda09c40,2_coat_gloss_olive_alkyd_coated_aluminum,Coatings,olive-green~~5,generic.csv,2026-09-18T15:05:39.950873+00:00,0,71,1709.5,0.1096126376683182,1,0386UUUPSTR,,[]
7a7ab1dd44b442199cd03a30dda09c40,2_coat_gloss_olive_alkyd_coated_aluminum,Coatings,olive-green~~5,generic.csv,2026-09-18T15:05:39.950873+00:00,0,72,1725.5,0.1096126376683182,1,0386UUUPSTR,,[]
7a7ab1dd44b442199cd03a30dda09c40,2_coat_gloss_olive_alkyd_coated_aluminum,Coatings,olive-green~~5,generic.csv,2026-09-18T15:05:39.950873+00:00,0,73,1741.5,0.1096126376683182,1,0386UUUPSTR,,[]
7a7ab1dd44b442199cd03a30dda09c40,2_coat_gloss_olive_alkyd_coated_aluminum,Coatings,olive-green~~5,generic.csv,2026-09-18T15:05:39.950873+00:00,0,74,1757.5,,0,0386UUUPSTR,,[]
7a7ab1dd44b442199cd03a30dda09c40,2_coat_gloss_olive_alkyd_coated_aluminum,Coatings,olive-green~~5,generic.csv,2026-09-18T15:05:39.950873+00:00,0,75,1773.5,,0,0386UUUPSTR,,[]
7a7ab1dd44b442199cd03a30dda09c40,2_coat_gloss_olive_alkyd_coated_aluminum,Coatings,olive-green~~5,generic.csv,2026-09-18T15:05:39.950873+00:00,0,76,1789.5,,0,0386UUUPSTR,,[]
7a7ab1dd44b442199cd03a30dda09c40,2_coat_gloss_olive_alkyd_coated_aluminum,Coatings,olive-green~~5,generic.csv,2026-09-18T15:05:39.950873+00:00,0,77,1981.5,,0,0386UUUPSTR,,[]
7a7ab1dd44b442199cd03a30dda09c40,2_coat_gloss_olive_alkyd_coated_aluminum,Coatings,olive-green~~5,generic.csv,2026-09-18T15:05:39.950873+00:00,0,78,1997.5,,0,0386UUUPSTR,,[]
7a7ab1dd44b442199cd03a30dda09c40,2_coat_gloss_olive_alkyd_coated_aluminum,Coatings,olive-green~~5,generic.csv,2026-09-18T15:05:39.950873+00:00,0,79,2013.5,,0,0386UUUPSTR,,[]
431b5daa4936421f96ebd1a48053f728,new,Averages,Equal-weight mean; sample standard deviation across 2 spectra. All contributors required at each band.,Library average,2026-09-25T15:41:57.466356+00:00,0,0,445.5,0.11534347141992504,1,,0.021698945375941955,"[{""id"": ""demo-4"", ""name"": ""Terracotta roof""}, {""id"": ""c9996f1cb0a047899d32e5befb70fce6"", ""name"": ""1_coat_gloss_olive_alkyd_coated_aluminum""}]"
431b5daa4936421f96ebd1a48053f728,new,Averages,Equal-weight mean; sample standard deviation across 2 spectra. All contributors required at each band.,Library average,2026-09-25T15:41:57.466356+00:00,0,1,461.5,0.12158916982291981,1,,0.01638956114021821,"[{""id"": ""demo-4"", ""name"": ""Terracotta roof""}, {""id"": ""c9996f1cb0a047899d32e5befb70fce6"", ""name"": ""1_coat_gloss_olive_alkyd_coated_aluminum""}]"
431b5daa4936421f96ebd1a48053f728,new,Averages,Equal-weight mean; sample standard deviation across 2 spectra. All contributors required at each band.,Library average,2026-09-25T15:41:57.466356+00:00,0,2,477.5,0.13308515005514712,1,,0.004363061049945156,"[{""id"": ""demo-4"", ""name"": ""Terracotta roof""}, {""id"": ""c9996f1cb0a047899d32e5befb70fce6"", ""name"": ""1_coat_gloss_olive_alkyd_coated_aluminum""}]"
431b5daa4936421f96ebd1a48053f728,new,Averages,Equal-weight mean; sample standard deviation across 2 spectra. All contributors required at each band.,Library average,2026-09-25T15:41:57.466356+00:00,0,3,493.5,0.12986891440352744,1,,0.01395675259536767,"[{""id"": ""demo-4"", ""name"": ""Terracotta roof""}, {""id"": ""c9996f1cb0a047899d32e5befb70fce6"", ""name"": ""1_coat_gloss_olive_alkyd_coated_aluminum""}]"
431b5daa4936421f96ebd1a48053f728,new,Averages,Equal-weight mean; sample standard deviation across 2 spectra. All contributors required at each band.,Library average,2026-09-25T15:41:57.466356+00:00,0,4,509.5,0.13196987120038253,1,,0.01692795419144017,"[{""id"": ""demo-4"", ""name"": ""Terracotta roof""}, {""id"": ""c9996f1cb0a047899d32e5befb70fce6"", ""name"": ""1_coat_gloss_olive_alkyd_coated_aluminum""}]"
431b5daa4936421f96ebd1a48053f728,new,Averages,Equal-weight mean; sample standard deviation across 2 spectra. All contributors required at each band.,Library average,2026-09-25T15:41:57.466356+00:00,0,5,525.5,0.13441096875035458,1,,0.02038018745368632,"[{""id"": ""demo-4"", ""name"": ""Terracotta roof""}, {""id"": ""c9996f1cb0a047899d32e5befb70fce6"", ""name"": ""1_coat_gloss_olive_alkyd_coated_aluminum""}]"
431b5daa4936421f96ebd1a48053f728,new,Averages,Equal-weight mean; sample standard deviation across 2 spectra. All contributors required at each band.,Library average,2026-09-25T15:41:57.466356+00:00,0,6,541.5,0.17720229908555488,1,,0.03224081782413382,"[{""id"": ""demo-4"", ""name"": ""Terracotta roof""}, {""id"": ""c9996f1cb0a047899d32e5befb70fce6"", ""name"": ""1_coat_gloss_olive_alkyd_coated_aluminum""}]"
431b5daa4936421f96ebd1a48053f728,new,Averages,Equal-weight mean; sample standard deviation across 2 spectra. All contributors required at each band.,Library average,2026-09-25T15:41:57.466356+00:00,0,7,557.5,0.16533649924698174,1,,0.006595186013055604,"[{""id"": ""demo-4"", ""name"": ""Terracotta roof""}, {""id"": ""c9996f1cb0a047899d32e5befb70fce6"", ""name"": ""1_coat_gloss_olive_alkyd_coated_aluminum""}]"
431b5daa4936421f96ebd1a48053f728,new,Averages,Equal-weight mean; sample standard deviation across 2 spectra. All contributors required at each band.,Library average,2026-09-25T15:41:57.466356+00:00,0,8,573.5,0.15378448708002157,1,,0.01949420857892319,"[{""id"": ""demo-4"", ""name"": ""Terracotta roof""}, {""id"": ""c9996f1cb0a047899d32e5befb70fce6"", ""name"": ""1_coat_gloss_olive_alkyd_coated_aluminum""}]"
431b5daa4936421f96ebd1a48053f728,new,Averages,Equal-weight mean; sample standard deviation across 2 spectra. All contributors required at each band.,Library average,2026-09-25T15:41:57.466356+00:00,0,9,589.5,0.14249343368681264,1,,0.04595265460796124,"[{""id"": ""demo-4"", ""name"": ""Terracotta roof""}, {""id"": ""c9996f1cb0a047899d32e5befb70fce6"", ""name"": ""1_coat_gloss_olive_alkyd_coated_aluminum""}]"
431b5daa4936421f96ebd1a48053f728,new,Averages,Equal-weight mean; sample standard deviation across 2 spectra. All contributors required at each band.,Library average,2026-09-25T15:41:57.466356+00:00,0,10,605.5,0.1413879353332433,1,,0.05853137946689327,"[{""id"": ""demo-4"", ""name"": ""Terracotta roof""}, {""id"": ""c9996f1cb0a047899d32e5befb70fce6"", ""name"": ""1_coat_gloss_olive_alkyd_coated_aluminum""}]"
431b5daa4936421f96ebd1a48053f728,new,Averages,Equal-weight mean; sample standard deviation across 2 spectra. All contributors required at each band.,Library average,2026-09-25T15:41:57.466356+00:00,0,11,621.5,0.15037498849631356,1,,0.05709885631214432,"[{""id"": ""demo-4"", ""name"": ""Terracotta roof""}, {""id"": ""c9996f1cb0a047899d32e5befb70fce6"", ""name"": ""1_coat_gloss_olive_alkyd_coated_aluminum""}]"
431b5daa4936421f96ebd1a48053f728,new,Averages,Equal-weight mean; sample standard deviation across 2 spectra. All contributors required at each band.,Library average,2026-09-25T15:41:57.466356+00:00,0,12,637.5,0.15435233135526,1,,0.06272366852547415,"[{""id"": ""demo-4"", ""name"": ""Terracotta roof""}, {""id"": ""c9996f1cb0a047899d32e5befb70fce6"", ""name"": ""1_coat_gloss_olive_alkyd_coated_aluminum""}]"
431b5daa4936421f96ebd1a48053f728,new,Averages,Equal-weight mean; sample standard deviation across 2 spectra. All contributors required at each band.,Library average,2026-09-25T15:41:57.466356+00:00,0,13,653.5,0.16201954923876397,1,,0.06281629510641863,"[{""id"": ""demo-4"", ""name"": ""Terracotta roof""}, {""id"": ""c9996f1cb0a047899d32e5befb70fce6"", ""name"": ""1_coat_gloss_olive_alkyd_coated_aluminum""}]"
431b5daa4936421f96ebd1a48053f728,new,Averages,Equal-weight mean; sample standard deviation across 2 spectra. All contributors required at each band.,Library average,2026-09-25T15:41:57.466356+00:00,0,14,669.5,0.556883809887328,1,,0.48523956952712605,"[{""id"": ""demo-4"", ""name"": ""Terracotta roof""}, {""id"": ""c9996f1cb0a047899d32e5befb70fce6"", ""name"": ""1_coat_gloss_olive_alkyd_coated_aluminum""}]"
431b5daa4936421f96ebd1a48053f728,new,Averages,Equal-weight mean; sample standard deviation across 2 spectra. All contributors required at each band.,Library average,2026-09-25T15:41:57.466356+00:00,0,15,685.5,0.18027626131732982,1,,0.056959234996650655,"[{""id"": ""demo-4"", ""name"": ""Terracotta roof""}, {""id"": ""c9996f1cb0a047899d32e5befb70fce6"", ""name"": ""1_coat_gloss_olive_alkyd_coated_aluminum""}]"
431b5daa4936421f96ebd1a48053f728,new,Averages,Equal-weight mean; sample standard deviation across 2 spectra. All contributors required at each band.,Library average,2026-09-25T15:41:57.466356+00:00,0,16,701.5,0.16834768737774605,1,,0.08251609082271393,"[{""id"": ""demo-4"", ""name"": ""Terracotta roof""}, {""id"": ""c9996f1cb0a047899d32e5befb70fce6"", ""name"": ""1_coat_gloss_olive_alkyd_coated_aluminum""}]"
431b5daa4936421f96ebd1a48053f728,new,Averages,Equal-weight mean; sample standard deviation across 2 spectra. All contributors required at each band.,Library average,2026-09-25T15:41:57.466356+00:00,0,17,717.5,0.15107331636816396,1,,0.11465498355442211,"[{""id"": ""demo-4"", ""name"": ""Terracotta roof""}, {""id"": ""c9996f1cb0a047899d32e5befb70fce6"", ""name"": ""1_coat_gloss_olive_alkyd_coated_aluminum""}]"
431b5daa4936421f96ebd1a48053f728,new,Averages,Equal-weight mean; sample standard deviation across 2 spectra. All contributors required at each band.,Library average,2026-09-25T15:41:57.466356+00:00,0,18,733.5,0.19344941438972774,1,,0.06144675110712167,"[{""id"": ""demo-4"", ""name"": ""Terracotta roof""}, {""id"": ""c9996f1cb0a047899d32e5befb70fce6"", ""name"": ""1_coat_gloss_olive_alkyd_coated_aluminum""}]"
431b5daa4936421f96ebd1a48053f728,new,Averages,Equal-weight mean; sample standard deviation across 2 spectra. All contributors required at each band.,Library average,2026-09-25T15:41:57.466356+00:00,0,19,749.5,0.26048887987916935,1,,0.02759289069196928,"[{""id"": ""demo-4"", ""name"": ""Terracotta roof""}, {""id"": ""c9996f1cb0a047899d32e5befb70fce6"", ""name"": ""1_coat_gloss_olive_alkyd_coated_aluminum""}]"
431b5daa4936421f96ebd1a48053f728,new,Averages,Equal-weight mean; sample standard deviation across 2 spectra. All contributors required at each band.,Library average,2026-09-25T15:41:57.466356+00:00,0,20,765.5,0.22221619711924484,1,,0.03141844727039014,"[{""id"": ""demo-4"", ""name"": ""Terracotta roof""}, {""id"": ""c9996f1cb0a047899d32e5befb70fce6"", ""name"": ""1_coat_gloss_olive_alkyd_coated_aluminum""}]"
431b5daa4936421f96ebd1a48053f728,new,Averages,Equal-weight mean; sample standard deviation across 2 spectra. All contributors required at each band.,Library average,2026-09-25T15:41:57.466356+00:00,0,21,781.5,0.2636626814077597,1,,0.023104457525956315,"[{""id"": ""demo-4"", ""name"": ""Terracotta roof""}, {""id"": ""c9996f1cb0a047899d32e5befb70fce6"", ""name"": ""1_coat_gloss_olive_alkyd_coated_aluminum""}]"
431b5daa4936421f96ebd1a48053f728,new,Averages,Equal-weight mean; sample standard deviation across 2 spectra. All contributors required at each band.,Library average,2026-09-25T15:41:57.466356+00:00,0,22,797.5,0.24486255811570523,1,,0.006876695635057732,"[{""id"": ""demo-4"", ""name"": ""Terracotta roof""}, {""id"": ""c9996f1cb0a047899d32e5befb70fce6"", ""name"": ""1_coat_gloss_olive_alkyd_coated_aluminum""}]"
431b5daa4936421f96ebd1a48053f728,new,Averages,Equal-weight mean; sample standard deviation across 2 spectra. All contributors required at each band.,Library average,2026-09-25T15:41:57.466356+00:00,0,23,813.5,0.24585006331864848,1,,0.008273238885974045,"[{""id"": ""demo-4"", ""name"": ""Terracotta roof""}, {""id"": ""c9996f1cb0a047899d32e5befb70fce6"", ""name"": ""1_coat_gloss_olive_alkyd_coated_aluminum""}]"
431b5daa4936421f96ebd1a48053f728,new,Averages,Equal-weight mean; sample standard deviation across 2 spectra. All contributors required at each band.,Library average,2026-09-25T15:41:57.466356+00:00,0,24,829.5,0.23165753915947568,1,,0.030628385606956895,"[{""id"": ""demo-4"", ""name"": ""Terracotta roof""}, {""id"": ""c9996f1cb0a047899d32e5befb70fce6"", ""name"": ""1_coat_gloss_olive_alkyd_coated_aluminum""}]"
431b5daa4936421f96ebd1a48053f728,new,Averages,Equal-weight mean; sample standard deviation across 2 spectra. All contributors required at each band.,Library average,2026-09-25T15:41:57.466356+00:00,0,25,845.5,0.3273142887810234,1,,0.10279311859661097,"[{""id"": ""demo-4"", ""name"": ""Terracotta roof""}, {""id"": ""c9996f1cb0a047899d32e5befb70fce6"", ""name"": ""1_coat_gloss_olive_alkyd_coated_aluminum""}]"
431b5daa4936421f96ebd1a48053f728,new,Averages,Equal-weight mean; sample standard deviation across 2 spectra. All contributors required at each band.,Library average,2026-09-25T15:41:57.466356+00:00,0,26,861.5,0.2978462355082699,1,,0.05961442544928616,"[{""id"": ""demo-4"", ""name"": ""Terracotta roof""}, {""id"": ""c9996f1cb0a047899d32e5befb70fce6"", ""name"": ""1_coat_gloss_olive_alkyd_coated_aluminum""}]"
431b5daa4936421f96ebd1a48053f728,new,Averages,Equal-weight mean; sample standard deviation across 2 spectra. All contributors required at each band.,Library average,2026-09-25T15:41:57.466356+00:00,0,27,877.5,0.28327525860251596,1,,0.037794491735235636,"[{""id"": ""demo-4"", ""name"": ""Terracotta roof""}, {""id"": ""c9996f1cb0a047899d32e5befb70fce6"", ""name"": ""1_coat_gloss_olive_alkyd_coated_aluminum""}]"
431b5daa4936421f96ebd1a48053f728,new,Averages,Equal-weight mean; sample standard deviation across 2 spectra. All contributors required at each band.,Library average,2026-09-25T15:41:57.466356+00:00,0,28,893.5,0.2886215372413184,1,,0.044375847599746616,"[{""id"": ""demo-4"", ""name"": ""Terracotta roof""}, {""id"": ""c9996f1cb0a047899d32e5befb70fce6"", ""name"": ""1_coat_gloss_olive_alkyd_coated_aluminum""}]"
431b5daa4936421f96ebd1a48053f728,new,Averages,Equal-weight mean; sample standard deviation across 2 spectra. All contributors required at each band.,Library average,2026-09-25T15:41:57.466356+00:00,0,29,909.5,0.3188957664499138,1,,0.08641443580494497,"[{""id"": ""demo-4"", ""name"": ""Terracotta roof""}, {""id"": ""c9996f1cb0a047899d32e5befb70fce6"", ""name"": ""1_coat_gloss_olive_alkyd_coated_aluminum""}]"
431b5daa4936421f96ebd1a48053f728,new,Averages,Equal-weight mean; sample standard deviation across 2 spectra. All contributors required at each band.,Library average,2026-09-25T15:41:57.466356+00:00,0,30,925.5,,0,,,"[{""id"": ""demo-4"", ""name"": ""Terracotta roof""}, {""id"": ""c9996f1cb0a047899d32e5befb70fce6"", ""name"": ""1_coat_gloss_olive_alkyd_coated_aluminum""}]"
431b5daa4936421f96ebd1a48053f728,new,Averages,Equal-weight mean; sample standard deviation across 2 spectra. All contributors required at each band.,Library average,2026-09-25T15:41:57.466356+00:00,0,31,941.5,,0,,,"[{""id"": ""demo-4"", ""name"": ""Terracotta roof""}, {""id"": ""c9996f1cb0a047899d32e5befb70fce6"", ""name"": ""1_coat_gloss_olive_alkyd_coated_aluminum""}]"
431b5daa4936421f96ebd1a48053f728,new,Averages,Equal-weight mean; sample standard deviation across 2 spectra. All contributors required at each band.,Library average,2026-09-25T15:41:57.466356+00:00,0,32,957.5,,0,,,"[{""id"": ""demo-4"", ""name"": ""Terracotta roof""}, {""id"": ""c9996f1cb0a047899d32e5befb70fce6"", ""name"": ""1_coat_gloss_olive_alkyd_coated_aluminum""}]"
431b5daa4936421f96ebd1a48053f728,new,Averages,Equal-weight mean; sample standard deviation across 2 spectra. All contributors required at each band.,Library average,2026-09-25T15:41:57.466356+00:00,0,33,973.5,,0,,,"[{""id"": ""demo-4"", ""name"": ""Terracotta roof""}, {""id"": ""c9996f1cb0a047899d32e5befb70fce6"", ""name"": ""1_coat_gloss_olive_alkyd_coated_aluminum""}]"
431b5daa4936421f96ebd1a48053f728,new,Averages,Equal-weight mean; sample standard deviation across 2 spectra. All contributors required at each band.,Library average,2026-09-25T15:41:57.466356+00:00,0,34,989.5,,0,,,"[{""id"": ""demo-4"", ""name"": ""Terracotta roof""}, {""id"": ""c9996f1cb0a047899d32e5befb70fce6"", ""name"": ""1_coat_gloss_olive_alkyd_coated_aluminum""}]"
431b5daa4936421f96ebd1a48053f728,new,Averages,Equal-weight mean; sample standard deviation across 2 spectra. All contributors required at each band.,Library average,2026-09-25T15:41:57.466356+00:00,0,35,1005.5,0.33471650372074013,1,,0.10646694146099356,"[{""id"": ""demo-4"", ""name"": ""Terracotta roof""}, {""id"": ""c9996f1cb0a047899d32e5befb70fce6"", ""name"": ""1_coat_gloss_olive_alkyd_coated_aluminum""}]"
431b5daa4936421f96ebd1a48053f728,new,Averages,Equal-weight mean; sample standard deviation across 2 spectra. All contributors required at each band.,Library average,2026-09-25T15:41:57.466356+00:00,0,36,1021.5,0.3397748956710299,1,,0.11345543058482616,"[{""id"": ""demo-4"", ""name"": ""Terracotta roof""}, {""id"": ""c9996f1cb0a047899d32e5befb70fce6"", ""name"": ""1_coat_gloss_olive_alkyd_coated_aluminum""}]"
431b5daa4936421f96ebd1a48053f728,new,Averages,Equal-weight mean; sample standard deviation across 2 spectra. All contributors required at each band.,Library average,2026-09-25T15:41:57.466356+00:00,0,37,1037.5,0.30982057788736034,1,,0.07096441930373938,"[{""id"": ""demo-4"", ""name"": ""Terracotta roof""}, {""id"": ""c9996f1cb0a047899d32e5befb70fce6"", ""name"": ""1_coat_gloss_olive_alkyd_coated_aluminum""}]"
431b5daa4936421f96ebd1a48053f728,new,Averages,Equal-weight mean; sample standard deviation across 2 spectra. All contributors required at each band.,Library average,2026-09-25T15:41:57.466356+00:00,0,38,1053.5,0.29985729715427006,1,,0.05677035479474435,"[{""id"": ""demo-4"", ""name"": ""Terracotta roof""}, {""id"": ""c9996f1cb0a047899d32e5befb70fce6"", ""name"": ""1_coat_gloss_olive_alkyd_coated_aluminum""}]"
431b5daa4936421f96ebd1a48053f728,new,Averages,Equal-weight mean; sample standard deviation across 2 spectra. All contributors required at each band.,Library average,2026-09-25T15:41:57.466356+00:00,0,39,1069.5,0.2998860731224745,1,,0.05672965943023925,"[{""id"": ""demo-4"", ""name"": ""Terracotta roof""}, {""id"": ""c9996f1cb0a047899d32e5befb70fce6"", ""name"": ""1_coat_gloss_olive_alkyd_coated_aluminum""}]"
431b5daa4936421f96ebd1a48053f728,new,Averages,Equal-weight mean; sample standard deviation across 2 spectra. All contributors required at each band.,Library average,2026-09-25T15:41:57.466356+00:00,0,40,1085.5,,0,,,"[{""id"": ""demo-4"", ""name"": ""Terracotta roof""}, {""id"": ""c9996f1cb0a047899d32e5befb70fce6"", ""name"": ""1_coat_gloss_olive_alkyd_coated_aluminum""}]"
431b5daa4936421f96ebd1a48053f728,new,Averages,Equal-weight mean; sample standard deviation across 2 spectra. All contributors required at each band.,Library average,2026-09-25T15:41:57.466356+00:00,0,41,1101.5,,0,,,"[{""id"": ""demo-4"", ""name"": ""Terracotta roof""}, {""id"": ""c9996f1cb0a047899d32e5befb70fce6"", ""name"": ""1_coat_gloss_olive_alkyd_coated_aluminum""}]"
431b5daa4936421f96ebd1a48053f728,new,Averages,Equal-weight mean; sample standard deviation across 2 spectra. All contributors required at each band.,Library average,2026-09-25T15:41:57.466356+00:00,0,42,1117.5,,0,,,"[{""id"": ""demo-4"", ""name"": ""Terracotta roof""}, {""id"": ""c9996f1cb0a047899d32e5befb70fce6"", ""name"": ""1_coat_gloss_olive_alkyd_coated_aluminum""}]"
431b5daa4936421f96ebd1a48053f728,new,Averages,Equal-weight mean; sample standard deviation across 2 spectra. All contributors required at each band.,Library average,2026-09-25T15:41:57.466356+00:00,0,43,1133.5,,0,,,"[{""id"": ""demo-4"", ""name"": ""Terracotta roof""}, {""id"": ""c9996f1cb0a047899d32e5befb70fce6"", ""name"": ""1_coat_gloss_olive_alkyd_coated_aluminum""}]"
431b5daa4936421f96ebd1a48053f728,new,Averages,Equal-weight mean; sample standard deviation across 2 spectra. All contributors required at each band.,Library average,2026-09-25T15:41:57.466356+00:00,0,44,1149.5,,0,,,"[{""id"": ""demo-4"", ""name"": ""Terracotta roof""}, {""id"": ""c9996f1cb0a047899d32e5befb70fce6"", ""name"": ""1_coat_gloss_olive_alkyd_coated_aluminum""}]"
431b5daa4936421f96ebd1a48053f728,new,Averages,Equal-weight mean; sample standard deviation across 2 spectra. All contributors required at each band.,Library average,2026-09-25T15:41:57.466356+00:00,0,45,1165.5,,0,,,"[{""id"": ""demo-4"", ""name"": ""Terracotta roof""}, {""id"": ""c9996f1cb0a047899d32e5befb70fce6"", ""name"": ""1_coat_gloss_olive_alkyd_coated_aluminum""}]"
431b5daa4936421f96ebd1a48053f728,new,Averages,Equal-weight mean; sample standard deviation across 2 spectra. All contributors required at each band.,Library average,2026-09-25T15:41:57.466356+00:00,0,46,1181.5,,0,,,"[{""id"": ""demo-4"", ""name"": ""Terracotta roof""}, {""id"": ""c9996f1cb0a047899d32e5befb70fce6"", ""name"": ""1_coat_gloss_olive_alkyd_coated_aluminum""}]"
431b5daa4936421f96ebd1a48053f728,new,Averages,Equal-weight mean; sample standard deviation across 2 spectra. All contributors required at each band.,Library average,2026-09-25T15:41:57.466356+00:00,0,47,1197.5,,0,,,"[{""id"": ""demo-4"", ""name"": ""Terracotta roof""}, {""id"": ""c9996f1cb0a047899d32e5befb70fce6"", ""name"": ""1_coat_gloss_olive_alkyd_coated_aluminum""}]"
431b5daa4936421f96ebd1a48053f728,new,Averages,Equal-weight mean; sample standard deviation across 2 spectra. All contributors required at each band.,Library average,2026-09-25T15:41:57.466356+00:00,0,48,1213.5,0.37998542114794065,1,,0.1697262450950776,"[{""id"": ""demo-4"", ""name"": ""Terracotta roof""}, {""id"": ""c9996f1cb0a047899d32e5befb70fce6"", ""name"": ""1_coat_gloss_olive_alkyd_coated_aluminum""}]"
431b5daa4936421f96ebd1a48053f728,new,Averages,Equal-weight mean; sample standard deviation across 2 spectra. All contributors required at each band.,Library average,2026-09-25T15:41:57.466356+00:00,0,49,1229.5,0.3949884321749039,1,,0.1909351902955059,"[{""id"": ""demo-4"", ""name"": ""Terracotta roof""}, {""id"": ""c9996f1cb0a047899d32e5befb70fce6"", ""name"": ""1_coat_gloss_olive_alkyd_coated_aluminum""}]"
431b5daa4936421f96ebd1a48053f728,new,Averages,Equal-weight mean; sample standard deviation across 2 spectra. All contributors required at each band.,Library average,2026-09-25T15:41:57.466356+00:00,0,50,1245.5,0.38499078681797194,1,,0.17678972470361362,"[{""id"": ""demo-4"", ""name"": ""Terracotta roof""}, {""id"": ""c9996f1cb0a047899d32e5befb70fce6"", ""name"": ""1_coat_gloss_olive_alkyd_coated_aluminum""}]"
431b5daa4936421f96ebd1a48053f728,new,Averages,Equal-weight mean; sample standard deviation across 2 spectra. All contributors required at each band.,Library average,2026-09-25T15:41:57.466356+00:00,0,51,1261.5,0.38999267144187966,1,,0.18385812725478878,"[{""id"": ""demo-4"", ""name"": ""Terracotta roof""}, {""id"": ""c9996f1cb0a047899d32e5befb70fce6"", ""name"": ""1_coat_gloss_olive_alkyd_coated_aluminum""}]"
431b5daa4936421f96ebd1a48053f728,new,Averages,Equal-weight mean; sample standard deviation across 2 spectra. All contributors required at each band.,Library average,2026-09-25T15:41:57.466356+00:00,0,52,1277.5,0.389994168303325,1,,0.1838560103730318,"[{""id"": ""demo-4"", ""name"": ""Terracotta roof""}, {""id"": ""c9996f1cb0a047899d32e5befb70fce6"", ""name"": ""1_coat_gloss_olive_alkyd_coated_aluminum""}]"
431b5daa4936421f96ebd1a48053f728,new,Averages,Equal-weight mean; sample standard deviation across 2 spectra. All contributors required at each band.,Library average,2026-09-25T15:41:57.466356+00:00,0,53,1293.5,0.3899953593850516,1,,0.18385432592910023,"[{""id"": ""demo-4"", ""name"": ""Terracotta roof""}, {""id"": ""c9996f1cb0a047899d32e5befb70fce6"", ""name"": ""1_coat_gloss_olive_alkyd_coated_aluminum""}]"
431b5daa4936421f96ebd1a48053f728,new,Averages,Equal-weight mean; sample standard deviation across 2 spectra. All contributors required at each band.,Library average,2026-09-25T15:41:57.466356+00:00,0,54,1309.5,0.3899963097459699,1,,0.1838529819158004,"[{""id"": ""demo-4"", ""name"": ""Terracotta roof""}, {""id"": ""c9996f1cb0a047899d32e5befb70fce6"", ""name"": ""1_coat_gloss_olive_alkyd_coated_aluminum""}]"
431b5daa4936421f96ebd1a48053f728,new,Averages,Equal-weight mean; sample standard deviation across 2 spectra. All contributors required at each band.,Library average,2026-09-25T15:41:57.466356+00:00,0,55,1325.5,0.38999705541520924,1,,0.18385192738024905,"[{""id"": ""demo-4"", ""name"": ""Terracotta roof""}, {""id"": ""c9996f1cb0a047899d32e5befb70fce6"", ""name"": ""1_coat_gloss_olive_alkyd_coated_aluminum""}]"
431b5daa4936421f96ebd1a48053f728,new,Averages,Equal-weight mean; sample standard deviation across 2 spectra. All contributors required at each band.,Library average,2026-09-25T15:41:57.466356+00:00,0,56,1469.5,,0,,,"[{""id"": ""demo-4"", ""name"": ""Terracotta roof""}, {""id"": ""c9996f1cb0a047899d32e5befb70fce6"", ""name"": ""1_coat_gloss_olive_alkyd_coated_aluminum""}]"
431b5daa4936421f96ebd1a48053f728,new,Averages,Equal-weight mean; sample standard deviation across 2 spectra. All contributors required at each band.,Library average,2026-09-25T15:41:57.466356+00:00,0,57,1485.5,,0,,,"[{""id"": ""demo-4"", ""name"": ""Terracotta roof""}, {""id"": ""c9996f1cb0a047899d32e5befb70fce6"", ""name"": ""1_coat_gloss_olive_alkyd_coated_aluminum""}]"
431b5daa4936421f96ebd1a48053f728,new,Averages,Equal-weight mean; sample standard deviation across 2 spectra. All contributors required at each band.,Library average,2026-09-25T15:41:57.466356+00:00,0,58,1501.5,,0,,,"[{""id"": ""demo-4"", ""name"": ""Terracotta roof""}, {""id"": ""c9996f1cb0a047899d32e5befb70fce6"", ""name"": ""1_coat_gloss_olive_alkyd_coated_aluminum""}]"
431b5daa4936421f96ebd1a48053f728,new,Averages,Equal-weight mean; sample standard deviation across 2 spectra. All contributors required at each band.,Library average,2026-09-25T15:41:57.466356+00:00,0,59,1517.5,0.38999981046374255,1,,0.18384803115324827,"[{""id"": ""demo-4"", ""name"": ""Terracotta roof""}, {""id"": ""c9996f1cb0a047899d32e5befb70fce6"", ""name"": ""1_coat_gloss_olive_alkyd_coated_aluminum""}]"
431b5daa4936421f96ebd1a48053f728,new,Averages,Equal-weight mean; sample standard deviation across 2 spectra. All contributors required at each band.,Library average,2026-09-25T15:41:57.466356+00:00,0,60,1533.5,0.3899998495965823,1,,0.18384797581105553,"[{""id"": ""demo-4"", ""name"": ""Terracotta roof""}, {""id"": ""c9996f1cb0a047899d32e5befb70fce6"", ""name"": ""1_coat_gloss_olive_alkyd_coated_aluminum""}]"
431b5daa4936421f96ebd1a48053f728,new,Averages,Equal-weight mean; sample standard deviation across 2 spectra. All contributors required at each band.,Library average,2026-09-25T15:41:57.466356+00:00,0,61,1549.5,0.38999988022035825,1,,0.18384793250249623,"[{""id"": ""demo-4"", ""name"": ""Terracotta roof""}, {""id"": ""c9996f1cb0a047899d32e5befb70fce6"", ""name"": ""1_coat_gloss_olive_alkyd_coated_aluminum""}]"
431b5daa4936421f96ebd1a48053f728,new,Averages,Equal-weight mean; sample standard deviation across 2 spectra. All contributors required at each band.,Library average,2026-09-25T15:41:57.466356+00:00,0,62,1565.5,0.3899999047238667,1,,0.1838478978493023,"[{""id"": ""demo-4"", ""name"": ""Terracotta roof""}, {""id"": ""c9996f1cb0a047899d32e5befb70fce6"", ""name"": ""1_coat_gloss_olive_alkyd_coated_aluminum""}]"
431b5daa4936421f96ebd1a48053f728,new,Averages,Equal-weight mean; sample standard deviation across 2 spectra. All contributors required at each band.,Library average,2026-09-25T15:41:57.466356+00:00,0,63,1581.5,0.3899999241839426,1,,0.18384787032859898,"[{""id"": ""demo-4"", ""name"": ""Terracotta roof""}, {""id"": ""c9996f1cb0a047899d32e5befb70fce6"", ""name"": ""1_coat_gloss_olive_alkyd_coated_aluminum""}]"
431b5daa4936421f96ebd1a48053f728,new,Averages,Equal-weight mean; sample standard deviation across 2 spectra. All contributors required at each band.,Library average,2026-09-25T15:41:57.466356+00:00,0,64,1597.5,0.3899999396775191,1,,0.18384784841737295,"[{""id"": ""demo-4"", ""name"": ""Terracotta roof""}, {""id"": ""c9996f1cb0a047899d32e5befb70fce6"", ""name"": ""1_coat_gloss_olive_alkyd_coated_aluminum""}]"
431b5daa4936421f96ebd1a48053f728,new,Averages,Equal-weight mean; sample standard deviation across 2 spectra. All contributors required at each band.,Library average,2026-09-25T15:41:57.466356+00:00,0,65,1613.5,0.3899999520026347,1,,0.18384783098702734,"[{""id"": ""demo-4"", ""name"": ""Terracotta roof""}, {""id"": ""c9996f1cb0a047899d32e5befb70fce6"", ""name"": ""1_coat_gloss_olive_alkyd_coated_aluminum""}]"
431b5daa4936421f96ebd1a48053f728,new,Averages,Equal-weight mean; sample standard deviation across 2 spectra. All contributors required at each band.,Library average,2026-09-25T15:41:57.466356+00:00,0,66,1629.5,0.38999996180993973,1,,0.18384781711740356,"[{""id"": ""demo-4"", ""name"": ""Terracotta roof""}, {""id"": ""c9996f1cb0a047899d32e5befb70fce6"", ""name"": ""1_coat_gloss_olive_alkyd_coated_aluminum""}]"
431b5daa4936421f96ebd1a48053f728,new,Averages,Equal-weight mean; sample standard deviation across 2 spectra. All contributors required at each band.,Library average,2026-09-25T15:41:57.466356+00:00,0,67,1645.5,0.38999996961247596,1,,0.183847806082951,"[{""id"": ""demo-4"", ""name"": ""Terracotta roof""}, {""id"": ""c9996f1cb0a047899d32e5befb70fce6"", ""name"": ""1_coat_gloss_olive_alkyd_coated_aluminum""}]"
431b5daa4936421f96ebd1a48053f728,new,Averages,Equal-weight mean; sample standard deviation across 2 spectra. All contributors required at each band.,Library average,2026-09-25T15:41:57.466356+00:00,0,68,1661.5,0.38999997581897644,1,,0.18384779730563386,"[{""id"": ""demo-4"", ""name"": ""Terracotta roof""}, {""id"": ""c9996f1cb0a047899d32e5befb70fce6"", ""name"": ""1_coat_gloss_olive_alkyd_coated_aluminum""}]"
431b5daa4936421f96ebd1a48053f728,new,Averages,Equal-weight mean; sample standard deviation across 2 spectra. All contributors required at each band.,Library average,2026-09-25T15:41:57.466356+00:00,0,69,1677.5,0.3899999807481217,1,,0.18384779033476975,"[{""id"": ""demo-4"", ""name"": ""Terracotta roof""}, {""id"": ""c9996f1cb0a047899d32e5befb70fce6"", ""name"": ""1_coat_gloss_olive_alkyd_coated_aluminum""}]"
431b5daa4936421f96ebd1a48053f728,new,Averages,Equal-weight mean; sample standard deviation across 2 spectra. All contributors required at each band.,Library average,2026-09-25T15:41:57.466356+00:00,0,70,1693.5,0.38999998464723135,1,,0.18384778482059605,"[{""id"": ""demo-4"", ""name"": ""Terracotta roof""}, {""id"": ""c9996f1cb0a047899d32e5befb70fce6"", ""name"": ""1_coat_gloss_olive_alkyd_coated_aluminum""}]"
431b5daa4936421f96ebd1a48053f728,new,Averages,Equal-weight mean; sample standard deviation across 2 spectra. All contributors required at each band.,Library average,2026-09-25T15:41:57.466356+00:00,0,71,1709.5,0.38999998763774196,1,,0.18384778059137535,"[{""id"": ""demo-4"", ""name"": ""Terracotta roof""}, {""id"": ""c9996f1cb0a047899d32e5befb70fce6"", ""name"": ""1_coat_gloss_olive_alkyd_coated_aluminum""}]"
431b5daa4936421f96ebd1a48053f728,new,Averages,Equal-weight mean; sample standard deviation across 2 spectra. All contributors required at each band.,Library average,2026-09-25T15:41:57.466356+00:00,0,72,1725.5,0.38999998978050215,1,,0.18384777756105483,"[{""id"": ""demo-4"", ""name"": ""Terracotta roof""}, {""id"": ""c9996f1cb0a047899d32e5befb70fce6"", ""name"": ""1_coat_gloss_olive_alkyd_coated_aluminum""}]"
431b5daa4936421f96ebd1a48053f728,new,Averages,Equal-weight mean; sample standard deviation across 2 spectra. All contributors required at each band.,Library average,2026-09-25T15:41:57.466356+00:00,0,73,1741.5,0.389999990286405,1,,0.1838477768456002,"[{""id"": ""demo-4"", ""name"": ""Terracotta roof""}, {""id"": ""c9996f1cb0a047899d32e5befb70fce6"", ""name"": ""1_coat_gloss_olive_alkyd_coated_aluminum""}]"
431b5daa4936421f96ebd1a48053f728,new,Averages,Equal-weight mean; sample standard deviation across 2 spectra. All contributors required at each band.,Library average,2026-09-25T15:41:57.466356+00:00,0,74,1757.5,,0,,,"[{""id"": ""demo-4"", ""name"": ""Terracotta roof""}, {""id"": ""c9996f1cb0a047899d32e5befb70fce6"", ""name"": ""1_coat_gloss_olive_alkyd_coated_aluminum""}]"
431b5daa4936421f96ebd1a48053f728,new,Averages,Equal-weight mean; sample standard deviation across 2 spectra. All contributors required at each band.,Library average,2026-09-25T15:41:57.466356+00:00,0,75,1773.5,,0,,,"[{""id"": ""demo-4"", ""name"": ""Terracotta roof""}, {""id"": ""c9996f1cb0a047899d32e5befb70fce6"", ""name"": ""1_coat_gloss_olive_alkyd_coated_aluminum""}]"
431b5daa4936421f96ebd1a48053f728,new,Averages,Equal-weight mean; sample standard deviation across 2 spectra. All contributors required at each band.,Library average,2026-09-25T15:41:57.466356+00:00,0,76,1789.5,,0,,,"[{""id"": ""demo-4"", ""name"": ""Terracotta roof""}, {""id"": ""c9996f1cb0a047899d32e5befb70fce6"", ""name"": ""1_coat_gloss_olive_alkyd_coated_aluminum""}]"
431b5daa4936421f96ebd1a48053f728,new,Averages,Equal-weight mean; sample standard deviation across 2 spectra. All contributors required at each band.,Library average,2026-09-25T15:41:57.466356+00:00,0,77,1981.5,,0,,,"[{""id"": ""demo-4"", ""name"": ""Terracotta roof""}, {""id"": ""c9996f1cb0a047899d32e5befb70fce6"", ""name"": ""1_coat_gloss_olive_alkyd_coated_aluminum""}]"
431b5daa4936421f96ebd1a48053f728,new,Averages,Equal-weight mean; sample standard deviation across 2 spectra. All contributors required at each band.,Library average,2026-09-25T15:41:57.466356+00:00,0,78,1997.5,,0,,,"[{""id"": ""demo-4"", ""name"": ""Terracotta roof""}, {""id"": ""c9996f1cb0a047899d32e5befb70fce6"", ""name"": ""1_coat_gloss_olive_alkyd_coated_aluminum""}]"
431b5daa4936421f96ebd1a48053f728,new,Averages,Equal-weight mean; sample standard deviation across 2 spectra. All contributors required at each band.,Library average,2026-09-25T15:41:57.466356+00:00,0,79,2013.5,,0,,,"[{""id"": ""demo-4"", ""name"": ""Terracotta roof""}, {""id"": ""c9996f1cb0a047899d32e5befb70fce6"", ""name"": ""1_coat_gloss_olive_alkyd_coated_aluminum""}]"
c1e3cb6887ed4880ae4eeb6fec7d1df6,Average spectrums,Averages,Equal-weight mean; sample standard deviation across 3 spectra. All contributors required at each band.,Library average,2026-09-25T15:42:08.734280+00:00,0,0,445.5,0.11534347141992503,1,,0.015343471419925037,"[{""id"": ""demo-4"", ""name"": ""Terracotta roof""}, {""id"": ""c9996f1cb0a047899d32e5befb70fce6"", ""name"": ""1_coat_gloss_olive_alkyd_coated_aluminum""}, {""id"": ""431b5daa4936421f96ebd1a48053f728"", ""name"": ""new""}]"
c1e3cb6887ed4880ae4eeb6fec7d1df6,Average spectrums,Averages,Equal-weight mean; sample standard deviation across 3 spectra. All contributors required at each band.,Library average,2026-09-25T15:42:08.734280+00:00,0,1,461.5,0.12158916982291983,1,,0.011589169822919819,"[{""id"": ""demo-4"", ""name"": ""Terracotta roof""}, {""id"": ""c9996f1cb0a047899d32e5befb70fce6"", ""name"": ""1_coat_gloss_olive_alkyd_coated_aluminum""}, {""id"": ""431b5daa4936421f96ebd1a48053f728"", ""name"": ""new""}]"
c1e3cb6887ed4880ae4eeb6fec7d1df6,Average spectrums,Averages,Equal-weight mean; sample standard deviation across 3 spectra. All contributors required at each band.,Library average,2026-09-25T15:42:08.734280+00:00,0,2,477.5,0.13308515005514712,1,,0.003085150055147118,"[{""id"": ""demo-4"", ""name"": ""Terracotta roof""}, {""id"": ""c9996f1cb0a047899d32e5befb70fce6"", ""name"": ""1_coat_gloss_olive_alkyd_coated_aluminum""}, {""id"": ""431b5daa4936421f96ebd1a48053f728"", ""name"": ""new""}]"
c1e3cb6887ed4880ae4eeb6fec7d1df6,Average spectrums,Averages,Equal-weight mean; sample standard deviation across 3 spectra. All contributors required at each band.,Library average,2026-09-25T15:42:08.734280+00:00,0,3,493.5,0.12986891440352744,1,,0.009868914403527426,"[{""id"": ""demo-4"", ""name"": ""Terracotta roof""}, {""id"": ""c9996f1cb0a047899d32e5befb70fce6"", ""name"": ""1_coat_gloss_olive_alkyd_coated_aluminum""}, {""id"": ""431b5daa4936421f96ebd1a48053f728"", ""name"": ""new""}]"
c1e3cb6887ed4880ae4eeb6fec7d1df6,Average spectrums,Averages,Equal-weight mean; sample standard deviation across 3 spectra. All contributors required at each band.,Library average,2026-09-25T15:42:08.734280+00:00,0,4,509.5,0.13196987120038253,1,,0.011969871200382586,"[{""id"": ""demo-4"", ""name"": ""Terracotta roof""}, {""id"": ""c9996f1cb0a047899d32e5befb70fce6"", ""name"": ""1_coat_gloss_olive_alkyd_coated_aluminum""}, {""id"": ""431b5daa4936421f96ebd1a48053f728"", ""name"": ""new""}]"
c1e3cb6887ed4880ae4eeb6fec7d1df6,Average spectrums,Averages,Equal-weight mean; sample standard deviation across 3 spectra. All contributors required at each band.,Library average,2026-09-25T15:42:08.734280+00:00,0,5,525.5,0.13441096875035458,1,,0.014410968750354594,"[{""id"": ""demo-4"", ""name"": ""Terracotta roof""}, {""id"": ""c9996f1cb0a047899d32e5befb70fce6"", ""name"": ""1_coat_gloss_olive_alkyd_coated_aluminum""}, {""id"": ""431b5daa4936421f96ebd1a48053f728"", ""name"": ""new""}]"
c1e3cb6887ed4880ae4eeb6fec7d1df6,Average spectrums,Averages,Equal-weight mean; sample standard deviation across 3 spectra. All contributors required at each band.,Library average,2026-09-25T15:42:08.734280+00:00,0,6,541.5,0.17720229908555488,1,,0.022797700914445135,"[{""id"": ""demo-4"", ""name"": ""Terracotta roof""}, {""id"": ""c9996f1cb0a047899d32e5befb70fce6"", ""name"": ""1_coat_gloss_olive_alkyd_coated_aluminum""}, {""id"": ""431b5daa4936421f96ebd1a48053f728"", ""name"": ""new""}]"
c1e3cb6887ed4880ae4eeb6fec7d1df6,Average spectrums,Averages,Equal-weight mean; sample standard deviation across 3 spectra. All contributors required at each band.,Library average,2026-09-25T15:42:08.734280+00:00,0,7,557.5,0.16533649924698174,1,,0.004663500753018288,"[{""id"": ""demo-4"", ""name"": ""Terracotta roof""}, {""id"": ""c9996f1cb0a047899d32e5befb70fce6"", ""name"": ""1_coat_gloss_olive_alkyd_coated_aluminum""}, {""id"": ""431b5daa4936421f96ebd1a48053f728"", ""name"": ""new""}]"
c1e3cb6887ed4880ae4eeb6fec7d1df6,Average spectrums,Averages,Equal-weight mean; sample standard deviation across 3 spectra. All contributors required at each band.,Library average,2026-09-25T15:42:08.734280+00:00,0,8,573.5,0.15378448708002157,1,,0.013784487080021557,"[{""id"": ""demo-4"", ""name"": ""Terracotta roof""}, {""id"": ""c9996f1cb0a047899d32e5befb70fce6"", ""name"": ""1_coat_gloss_olive_alkyd_coated_aluminum""}, {""id"": ""431b5daa4936421f96ebd1a48053f728"", ""name"": ""new""}]"
c1e3cb6887ed4880ae4eeb6fec7d1df6,Average spectrums,Averages,Equal-weight mean; sample standard deviation across 3 spectra. All contributors required at each band.,Library average,2026-09-25T15:42:08.734280+00:00,0,9,589.5,0.14249343368681264,1,,0.032493433686812644,"[{""id"": ""demo-4"", ""name"": ""Terracotta roof""}, {""id"": ""c9996f1cb0a047899d32e5befb70fce6"", ""name"": ""1_coat_gloss_olive_alkyd_coated_aluminum""}, {""id"": ""431b5daa4936421f96ebd1a48053f728"", ""name"": ""new""}]"
c1e3cb6887ed4880ae4eeb6fec7d1df6,Average spectrums,Averages,Equal-weight mean; sample standard deviation across 3 spectra. All contributors required at each band.,Library average,2026-09-25T15:42:08.734280+00:00,0,10,605.5,0.1413879353332433,1,,0.04138793533324328,"[{""id"": ""demo-4"", ""name"": ""Terracotta roof""}, {""id"": ""c9996f1cb0a047899d32e5befb70fce6"", ""name"": ""1_coat_gloss_olive_alkyd_coated_aluminum""}, {""id"": ""431b5daa4936421f96ebd1a48053f728"", ""name"": ""new""}]"
c1e3cb6887ed4880ae4eeb6fec7d1df6,Average spectrums,Averages,Equal-weight mean; sample standard deviation across 3 spectra. All contributors required at each band.,Library average,2026-09-25T15:42:08.734280+00:00,0,11,621.5,0.15037498849631356,1,,0.04037498849631355,"[{""id"": ""demo-4"", ""name"": ""Terracotta roof""}, {""id"": ""c9996f1cb0a047899d32e5befb70fce6"", ""name"": ""1_coat_gloss_olive_alkyd_coated_aluminum""}, {""id"": ""431b5daa4936421f96ebd1a48053f728"", ""name"": ""new""}]"
c1e3cb6887ed4880ae4eeb6fec7d1df6,Average spectrums,Averages,Equal-weight mean; sample standard deviation across 3 spectra. All contributors required at each band.,Library average,2026-09-25T15:42:08.734280+00:00,0,12,637.5,0.15435233135526,1,,0.04435233135525998,"[{""id"": ""demo-4"", ""name"": ""Terracotta roof""}, {""id"": ""c9996f1cb0a047899d32e5befb70fce6"", ""name"": ""1_coat_gloss_olive_alkyd_coated_aluminum""}, {""id"": ""431b5daa4936421f96ebd1a48053f728"", ""name"": ""new""}]"
c1e3cb6887ed4880ae4eeb6fec7d1df6,Average spectrums,Averages,Equal-weight mean; sample standard deviation across 3 spectra. All contributors required at each band.,Library average,2026-09-25T15:42:08.734280+00:00,0,13,653.5,0.16201954923876397,1,,0.04441782823876395,"[{""id"": ""demo-4"", ""name"": ""Terracotta roof""}, {""id"": ""c9996f1cb0a047899d32e5befb70fce6"", ""name"": ""1_coat_gloss_olive_alkyd_coated_aluminum""}, {""id"": ""431b5daa4936421f96ebd1a48053f728"", ""name"": ""new""}]"
c1e3cb6887ed4880ae4eeb6fec7d1df6,Average spectrums,Averages,Equal-weight mean; sample standard deviation across 3 spectra. All contributors required at each band.,Library average,2026-09-25T15:42:08.734280+00:00,0,14,669.5,0.556883809887328,1,,0.343116190112672,"[{""id"": ""demo-4"", ""name"": ""Terracotta roof""}, {""id"": ""c9996f1cb0a047899d32e5befb70fce6"", ""name"": ""1_coat_gloss_olive_alkyd_coated_aluminum""}, {""id"": ""431b5daa4936421f96ebd1a48053f728"", ""name"": ""new""}]"
c1e3cb6887ed4880ae4eeb6fec7d1df6,Average spectrums,Averages,Equal-weight mean; sample standard deviation across 3 spectra. All contributors required at each band.,Library average,2026-09-25T15:42:08.734280+00:00,0,15,685.5,0.1802762613173298,1,,0.040276261317329795,"[{""id"": ""demo-4"", ""name"": ""Terracotta roof""}, {""id"": ""c9996f1cb0a047899d32e5befb70fce6"", ""name"": ""1_coat_gloss_olive_alkyd_coated_aluminum""}, {""id"": ""431b5daa4936421f96ebd1a48053f728"", ""name"": ""new""}]"
c1e3cb6887ed4880ae4eeb6fec7d1df6,Average spectrums,Averages,Equal-weight mean; sample standard deviation across 3 spectra. All contributors required at each band.,Library average,2026-09-25T15:42:08.734280+00:00,0,16,701.5,0.16834768737774605,1,,0.05834768737774606,"[{""id"": ""demo-4"", ""name"": ""Terracotta roof""}, {""id"": ""c9996f1cb0a047899d32e5befb70fce6"", ""name"": ""1_coat_gloss_olive_alkyd_coated_aluminum""}, {""id"": ""431b5daa4936421f96ebd1a48053f728"", ""name"": ""new""}]"
c1e3cb6887ed4880ae4eeb6fec7d1df6,Average spectrums,Averages,Equal-weight mean; sample standard deviation across 3 spectra. All contributors required at each band.,Library average,2026-09-25T15:42:08.734280+00:00,0,17,717.5,0.15107331636816396,1,,0.08107331636816396,"[{""id"": ""demo-4"", ""name"": ""Terracotta roof""}, {""id"": ""c9996f1cb0a047899d32e5befb70fce6"", ""name"": ""1_coat_gloss_olive_alkyd_coated_aluminum""}, {""id"": ""431b5daa4936421f96ebd1a48053f728"", ""name"": ""new""}]"
c1e3cb6887ed4880ae4eeb6fec7d1df6,Average spectrums,Averages,Equal-weight mean; sample standard deviation across 3 spectra. All contributors required at each band.,Library average,2026-09-25T15:42:08.734280+00:00,0,18,733.5,0.19344941438972774,1,,0.04344941438972773,"[{""id"": ""demo-4"", ""name"": ""Terracotta roof""}, {""id"": ""c9996f1cb0a047899d32e5befb70fce6"", ""name"": ""1_coat_gloss_olive_alkyd_coated_aluminum""}, {""id"": ""431b5daa4936421f96ebd1a48053f728"", ""name"": ""new""}]"
c1e3cb6887ed4880ae4eeb6fec7d1df6,Average spectrums,Averages,Equal-weight mean; sample standard deviation across 3 spectra. All contributors required at each band.,Library average,2026-09-25T15:42:08.734280+00:00,0,19,749.5,0.26048887987916935,1,,0.019511120120830644,"[{""id"": ""demo-4"", ""name"": ""Terracotta roof""}, {""id"": ""c9996f1cb0a047899d32e5befb70fce6"", ""name"": ""1_coat_gloss_olive_alkyd_coated_aluminum""}, {""id"": ""431b5daa4936421f96ebd1a48053f728"", ""name"": ""new""}]"
c1e3cb6887ed4880ae4eeb6fec7d1df6,Average spectrums,Averages,Equal-weight mean; sample standard deviation across 3 spectra. All contributors required at each band.,Library average,2026-09-25T15:42:08.734280+00:00,0,20,765.5,0.2222161971192448,1,,0.022216197119244843,"[{""id"": ""demo-4"", ""name"": ""Terracotta roof""}, {""id"": ""c9996f1cb0a047899d32e5befb70fce6"", ""name"": ""1_coat_gloss_olive_alkyd_coated_aluminum""}, {""id"": ""431b5daa4936421f96ebd1a48053f728"", ""name"": ""new""}]"
c1e3cb6887ed4880ae4eeb6fec7d1df6,Average spectrums,Averages,Equal-weight mean; sample standard deviation across 3 spectra. All contributors required at each band.,Library average,2026-09-25T15:42:08.734280+00:00,0,21,781.5,0.2636626814077597,1,,0.016337318592240274,"[{""id"": ""demo-4"", ""name"": ""Terracotta roof""}, {""id"": ""c9996f1cb0a047899d32e5befb70fce6"", ""name"": ""1_coat_gloss_olive_alkyd_coated_aluminum""}, {""id"": ""431b5daa4936421f96ebd1a48053f728"", ""name"": ""new""}]"
c1e3cb6887ed4880ae4eeb6fec7d1df6,Average spectrums,Averages,Equal-weight mean; sample standard deviation across 3 spectra. All contributors required at each band.,Library average,2026-09-25T15:42:08.734280+00:00,0,22,797.5,0.24486255811570523,1,,0.004862558115705254,"[{""id"": ""demo-4"", ""name"": ""Terracotta roof""}, {""id"": ""c9996f1cb0a047899d32e5befb70fce6"", ""name"": ""1_coat_gloss_olive_alkyd_coated_aluminum""}, {""id"": ""431b5daa4936421f96ebd1a48053f728"", ""name"": ""new""}]"
c1e3cb6887ed4880ae4eeb6fec7d1df6,Average spectrums,Averages,Equal-weight mean; sample standard deviation across 3 spectra. All contributors required at each band.,Library average,2026-09-25T15:42:08.734280+00:00,0,23,813.5,0.24585006331864848,1,,0.005850063318648485,"[{""id"": ""demo-4"", ""name"": ""Terracotta roof""}, {""id"": ""c9996f1cb0a047899d32e5befb70fce6"", ""name"": ""1_coat_gloss_olive_alkyd_coated_aluminum""}, {""id"": ""431b5daa4936421f96ebd1a48053f728"", ""name"": ""new""}]"
c1e3cb6887ed4880ae4eeb6fec7d1df6,Average spectrums,Averages,Equal-weight mean; sample standard deviation across 3 spectra. All contributors required at each band.,Library average,2026-09-25T15:42:08.734280+00:00,0,24,829.5,0.23165753915947565,1,,0.021657539159475672,"[{""id"": ""demo-4"", ""name"": ""Terracotta roof""}, {""id"": ""c9996f1cb0a047899d32e5befb70fce6"", ""name"": ""1_coat_gloss_olive_alkyd_coated_aluminum""}, {""id"": ""431b5daa4936421f96ebd1a48053f728"", ""name"": ""new""}]"
c1e3cb6887ed4880ae4eeb6fec7d1df6,Average spectrums,Averages,Equal-weight mean; sample standard deviation across 3 spectra. All contributors required at each band.,Library average,2026-09-25T15:42:08.734280+00:00,0,25,845.5,0.3273142887810234,1,,0.07268571121897663,"[{""id"": ""demo-4"", ""name"": ""Terracotta roof""}, {""id"": ""c9996f1cb0a047899d32e5befb70fce6"", ""name"": ""1_coat_gloss_olive_alkyd_coated_aluminum""}, {""id"": ""431b5daa4936421f96ebd1a48053f728"", ""name"": ""new""}]"
c1e3cb6887ed4880ae4eeb6fec7d1df6,Average spectrums,Averages,Equal-weight mean; sample standard deviation across 3 spectra. All contributors required at each band.,Library average,2026-09-25T15:42:08.734280+00:00,0,26,861.5,0.2978462355082699,1,,0.04215376449173014,"[{""id"": ""demo-4"", ""name"": ""Terracotta roof""}, {""id"": ""c9996f1cb0a047899d32e5befb70fce6"", ""name"": ""1_coat_gloss_olive_alkyd_coated_aluminum""}, {""id"": ""431b5daa4936421f96ebd1a48053f728"", ""name"": ""new""}]"
c1e3cb6887ed4880ae4eeb6fec7d1df6,Average spectrums,Averages,Equal-weight mean; sample standard deviation across 3 spectra. All contributors required at each band.,Library average,2026-09-25T15:42:08.734280+00:00,0,27,877.5,0.28327525860251596,1,,0.026724741397484042,"[{""id"": ""demo-4"", ""name"": ""Terracotta roof""}, {""id"": ""c9996f1cb0a047899d32e5befb70fce6"", ""name"": ""1_coat_gloss_olive_alkyd_coated_aluminum""}, {""id"": ""431b5daa4936421f96ebd1a48053f728"", ""name"": ""new""}]"
c1e3cb6887ed4880ae4eeb6fec7d1df6,Average spectrums,Averages,Equal-weight mean; sample standard deviation across 3 spectra. All contributors required at each band.,Library average,2026-09-25T15:42:08.734280+00:00,0,28,893.5,0.2886215372413184,1,,0.03137846275868161,"[{""id"": ""demo-4"", ""name"": ""Terracotta roof""}, {""id"": ""c9996f1cb0a047899d32e5befb70fce6"", ""name"": ""1_coat_gloss_olive_alkyd_coated_aluminum""}, {""id"": ""431b5daa4936421f96ebd1a48053f728"", ""name"": ""new""}]"
c1e3cb6887ed4880ae4eeb6fec7d1df6,Average spectrums,Averages,Equal-weight mean; sample standard deviation across 3 spectra. All contributors required at each band.,Library average,2026-09-25T15:42:08.734280+00:00,0,29,909.5,0.31889576644991385,1,,0.06110423355008618,"[{""id"": ""demo-4"", ""name"": ""Terracotta roof""}, {""id"": ""c9996f1cb0a047899d32e5befb70fce6"", ""name"": ""1_coat_gloss_olive_alkyd_coated_aluminum""}, {""id"": ""431b5daa4936421f96ebd1a48053f728"", ""name"": ""new""}]"
c1e3cb6887ed4880ae4eeb6fec7d1df6,Average spectrums,Averages,Equal-weight mean; sample standard deviation across 3 spectra. All contributors required at each band.,Library average,2026-09-25T15:42:08.734280+00:00,0,30,925.5,,0,,,"[{""id"": ""demo-4"", ""name"": ""Terracotta roof""}, {""id"": ""c9996f1cb0a047899d32e5befb70fce6"", ""name"": ""1_coat_gloss_olive_alkyd_coated_aluminum""}, {""id"": ""431b5daa4936421f96ebd1a48053f728"", ""name"": ""new""}]"
c1e3cb6887ed4880ae4eeb6fec7d1df6,Average spectrums,Averages,Equal-weight mean; sample standard deviation across 3 spectra. All contributors required at each band.,Library average,2026-09-25T15:42:08.734280+00:00,0,31,941.5,,0,,,"[{""id"": ""demo-4"", ""name"": ""Terracotta roof""}, {""id"": ""c9996f1cb0a047899d32e5befb70fce6"", ""name"": ""1_coat_gloss_olive_alkyd_coated_aluminum""}, {""id"": ""431b5daa4936421f96ebd1a48053f728"", ""name"": ""new""}]"
c1e3cb6887ed4880ae4eeb6fec7d1df6,Average spectrums,Averages,Equal-weight mean; sample standard deviation across 3 spectra. All contributors required at each band.,Library average,2026-09-25T15:42:08.734280+00:00,0,32,957.5,,0,,,"[{""id"": ""demo-4"", ""name"": ""Terracotta roof""}, {""id"": ""c9996f1cb0a047899d32e5befb70fce6"", ""name"": ""1_coat_gloss_olive_alkyd_coated_aluminum""}, {""id"": ""431b5daa4936421f96ebd1a48053f728"", ""name"": ""new""}]"
c1e3cb6887ed4880ae4eeb6fec7d1df6,Average spectrums,Averages,Equal-weight mean; sample standard deviation across 3 spectra. All contributors required at each band.,Library average,2026-09-25T15:42:08.734280+00:00,0,33,973.5,,0,,,"[{""id"": ""demo-4"", ""name"": ""Terracotta roof""}, {""id"": ""c9996f1cb0a047899d32e5befb70fce6"", ""name"": ""1_coat_gloss_olive_alkyd_coated_aluminum""}, {""id"": ""431b5daa4936421f96ebd1a48053f728"", ""name"": ""new""}]"
c1e3cb6887ed4880ae4eeb6fec7d1df6,Average spectrums,Averages,Equal-weight mean; sample standard deviation across 3 spectra. All contributors required at each band.,Library average,2026-09-25T15:42:08.734280+00:00,0,34,989.5,,0,,,"[{""id"": ""demo-4"", ""name"": ""Terracotta roof""}, {""id"": ""c9996f1cb0a047899d32e5befb70fce6"", ""name"": ""1_coat_gloss_olive_alkyd_coated_aluminum""}, {""id"": ""431b5daa4936421f96ebd1a48053f728"", ""name"": ""new""}]"
c1e3cb6887ed4880ae4eeb6fec7d1df6,Average spectrums,Averages,Equal-weight mean; sample standard deviation across 3 spectra. All contributors required at each band.,Library average,2026-09-25T15:42:08.734280+00:00,0,35,1005.5,0.3347165037207402,1,,0.07528349627925973,"[{""id"": ""demo-4"", ""name"": ""Terracotta roof""}, {""id"": ""c9996f1cb0a047899d32e5befb70fce6"", ""name"": ""1_coat_gloss_olive_alkyd_coated_aluminum""}, {""id"": ""431b5daa4936421f96ebd1a48053f728"", ""name"": ""new""}]"
c1e3cb6887ed4880ae4eeb6fec7d1df6,Average spectrums,Averages,Equal-weight mean; sample standard deviation across 3 spectra. All contributors required at each band.,Library average,2026-09-25T15:42:08.734280+00:00,0,36,1021.5,0.33977489567102986,1,,0.0802251043289702,"[{""id"": ""demo-4"", ""name"": ""Terracotta roof""}, {""id"": ""c9996f1cb0a047899d32e5befb70fce6"", ""name"": ""1_coat_gloss_olive_alkyd_coated_aluminum""}, {""id"": ""431b5daa4936421f96ebd1a48053f728"", ""name"": ""new""}]"
c1e3cb6887ed4880ae4eeb6fec7d1df6,Average spectrums,Averages,Equal-weight mean; sample standard deviation across 3 spectra. All contributors required at each band.,Library average,2026-09-25T15:42:08.734280+00:00,0,37,1037.5,0.30982057788736034,1,,0.05017942211263965,"[{""id"": ""demo-4"", ""name"": ""Terracotta roof""}, {""id"": ""c9996f1cb0a047899d32e5befb70fce6"", ""name"": ""1_coat_gloss_olive_alkyd_coated_aluminum""}, {""id"": ""431b5daa4936421f96ebd1a48053f728"", ""name"": ""new""}]"
c1e3cb6887ed4880ae4eeb6fec7d1df6,Average spectrums,Averages,Equal-weight mean; sample standard deviation across 3 spectra. All contributors required at each band.,Library average,2026-09-25T15:42:08.734280+00:00,0,38,1053.5,0.29985729715427006,1,,0.04014270284572996,"[{""id"": ""demo-4"", ""name"": ""Terracotta roof""}, {""id"": ""c9996f1cb0a047899d32e5befb70fce6"", ""name"": ""1_coat_gloss_olive_alkyd_coated_aluminum""}, {""id"": ""431b5daa4936421f96ebd1a48053f728"", ""name"": ""new""}]"
c1e3cb6887ed4880ae4eeb6fec7d1df6,Average spectrums,Averages,Equal-weight mean; sample standard deviation across 3 spectra. All contributors required at each band.,Library average,2026-09-25T15:42:08.734280+00:00,0,39,1069.5,0.2998860731224745,1,,0.040113926877525546,"[{""id"": ""demo-4"", ""name"": ""Terracotta roof""}, {""id"": ""c9996f1cb0a047899d32e5befb70fce6"", ""name"": ""1_coat_gloss_olive_alkyd_coated_aluminum""}, {""id"": ""431b5daa4936421f96ebd1a48053f728"", ""name"": ""new""}]"
c1e3cb6887ed4880ae4eeb6fec7d1df6,Average spectrums,Averages,Equal-weight mean; sample standard deviation across 3 spectra. All contributors required at each band.,Library average,2026-09-25T15:42:08.734280+00:00,0,40,1085.5,,0,,,"[{""id"": ""demo-4"", ""name"": ""Terracotta roof""}, {""id"": ""c9996f1cb0a047899d32e5befb70fce6"", ""name"": ""1_coat_gloss_olive_alkyd_coated_aluminum""}, {""id"": ""431b5daa4936421f96ebd1a48053f728"", ""name"": ""new""}]"
c1e3cb6887ed4880ae4eeb6fec7d1df6,Average spectrums,Averages,Equal-weight mean; sample standard deviation across 3 spectra. All contributors required at each band.,Library average,2026-09-25T15:42:08.734280+00:00,0,41,1101.5,,0,,,"[{""id"": ""demo-4"", ""name"": ""Terracotta roof""}, {""id"": ""c9996f1cb0a047899d32e5befb70fce6"", ""name"": ""1_coat_gloss_olive_alkyd_coated_aluminum""}, {""id"": ""431b5daa4936421f96ebd1a48053f728"", ""name"": ""new""}]"
c1e3cb6887ed4880ae4eeb6fec7d1df6,Average spectrums,Averages,Equal-weight mean; sample standard deviation across 3 spectra. All contributors required at each band.,Library average,2026-09-25T15:42:08.734280+00:00,0,42,1117.5,,0,,,"[{""id"": ""demo-4"", ""name"": ""Terracotta roof""}, {""id"": ""c9996f1cb0a047899d32e5befb70fce6"", ""name"": ""1_coat_gloss_olive_alkyd_coated_aluminum""}, {""id"": ""431b5daa4936421f96ebd1a48053f728"", ""name"": ""new""}]"
c1e3cb6887ed4880ae4eeb6fec7d1df6,Average spectrums,Averages,Equal-weight mean; sample standard deviation across 3 spectra. All contributors required at each band.,Library average,2026-09-25T15:42:08.734280+00:00,0,43,1133.5,,0,,,"[{""id"": ""demo-4"", ""name"": ""Terracotta roof""}, {""id"": ""c9996f1cb0a047899d32e5befb70fce6"", ""name"": ""1_coat_gloss_olive_alkyd_coated_aluminum""}, {""id"": ""431b5daa4936421f96ebd1a48053f728"", ""name"": ""new""}]"
c1e3cb6887ed4880ae4eeb6fec7d1df6,Average spectrums,Averages,Equal-weight mean; sample standard deviation across 3 spectra. All contributors required at each band.,Library average,2026-09-25T15:42:08.734280+00:00,0,44,1149.5,,0,,,"[{""id"": ""demo-4"", ""name"": ""Terracotta roof""}, {""id"": ""c9996f1cb0a047899d32e5befb70fce6"", ""name"": ""1_coat_gloss_olive_alkyd_coated_aluminum""}, {""id"": ""431b5daa4936421f96ebd1a48053f728"", ""name"": ""new""}]"
c1e3cb6887ed4880ae4eeb6fec7d1df6,Average spectrums,Averages,Equal-weight mean; sample standard deviation across 3 spectra. All contributors required at each band.,Library average,2026-09-25T15:42:08.734280+00:00,0,45,1165.5,,0,,,"[{""id"": ""demo-4"", ""name"": ""Terracotta roof""}, {""id"": ""c9996f1cb0a047899d32e5befb70fce6"", ""name"": ""1_coat_gloss_olive_alkyd_coated_aluminum""}, {""id"": ""431b5daa4936421f96ebd1a48053f728"", ""name"": ""new""}]"
c1e3cb6887ed4880ae4eeb6fec7d1df6,Average spectrums,Averages,Equal-weight mean; sample standard deviation across 3 spectra. All contributors required at each band.,Library average,2026-09-25T15:42:08.734280+00:00,0,46,1181.5,,0,,,"[{""id"": ""demo-4"", ""name"": ""Terracotta roof""}, {""id"": ""c9996f1cb0a047899d32e5befb70fce6"", ""name"": ""1_coat_gloss_olive_alkyd_coated_aluminum""}, {""id"": ""431b5daa4936421f96ebd1a48053f728"", ""name"": ""new""}]"
c1e3cb6887ed4880ae4eeb6fec7d1df6,Average spectrums,Averages,Equal-weight mean; sample standard deviation across 3 spectra. All contributors required at each band.,Library average,2026-09-25T15:42:08.734280+00:00,0,47,1197.5,,0,,,"[{""id"": ""demo-4"", ""name"": ""Terracotta roof""}, {""id"": ""c9996f1cb0a047899d32e5befb70fce6"", ""name"": ""1_coat_gloss_olive_alkyd_coated_aluminum""}, {""id"": ""431b5daa4936421f96ebd1a48053f728"", ""name"": ""new""}]"
c1e3cb6887ed4880ae4eeb6fec7d1df6,Average spectrums,Averages,Equal-weight mean; sample standard deviation across 3 spectra. All contributors required at each band.,Library average,2026-09-25T15:42:08.734280+00:00,0,48,1213.5,0.3799854211479407,1,,0.12001457885205938,"[{""id"": ""demo-4"", ""name"": ""Terracotta roof""}, {""id"": ""c9996f1cb0a047899d32e5befb70fce6"", ""name"": ""1_coat_gloss_olive_alkyd_coated_aluminum""}, {""id"": ""431b5daa4936421f96ebd1a48053f728"", ""name"": ""new""}]"
c1e3cb6887ed4880ae4eeb6fec7d1df6,Average spectrums,Averages,Equal-weight mean; sample standard deviation across 3 spectra. All contributors required at each band.,Library average,2026-09-25T15:42:08.734280+00:00,0,49,1229.5,0.3949884321749039,1,,0.1350115678250961,"[{""id"": ""demo-4"", ""name"": ""Terracotta roof""}, {""id"": ""c9996f1cb0a047899d32e5befb70fce6"", ""name"": ""1_coat_gloss_olive_alkyd_coated_aluminum""}, {""id"": ""431b5daa4936421f96ebd1a48053f728"", ""name"": ""new""}]"
c1e3cb6887ed4880ae4eeb6fec7d1df6,Average spectrums,Averages,Equal-weight mean; sample standard deviation across 3 spectra. All contributors required at each band.,Library average,2026-09-25T15:42:08.734280+00:00,0,50,1245.5,0.384990786817972,1,,0.1250092131820281,"[{""id"": ""demo-4"", ""name"": ""Terracotta roof""}, {""id"": ""c9996f1cb0a047899d32e5befb70fce6"", ""name"": ""1_coat_gloss_olive_alkyd_coated_aluminum""}, {""id"": ""431b5daa4936421f96ebd1a48053f728"", ""name"": ""new""}]"
c1e3cb6887ed4880ae4eeb6fec7d1df6,Average spectrums,Averages,Equal-weight mean; sample standard deviation across 3 spectra. All contributors required at each band.,Library average,2026-09-25T15:42:08.734280+00:00,0,51,1261.5,0.3899926714418796,1,,0.13000732855812033,"[{""id"": ""demo-4"", ""name"": ""Terracotta roof""}, {""id"": ""c9996f1cb0a047899d32e5befb70fce6"", ""name"": ""1_coat_gloss_olive_alkyd_coated_aluminum""}, {""id"": ""431b5daa4936421f96ebd1a48053f728"", ""name"": ""new""}]"
c1e3cb6887ed4880ae4eeb6fec7d1df6,Average spectrums,Averages,Equal-weight mean; sample standard deviation across 3 spectra. All contributors required at each band.,Library average,2026-09-25T15:42:08.734280+00:00,0,52,1277.5,0.389994168303325,1,,0.13000583169667498,"[{""id"": ""demo-4"", ""name"": ""Terracotta roof""}, {""id"": ""c9996f1cb0a047899d32e5befb70fce6"", ""name"": ""1_coat_gloss_olive_alkyd_coated_aluminum""}, {""id"": ""431b5daa4936421f96ebd1a48053f728"", ""name"": ""new""}]"
c1e3cb6887ed4880ae4eeb6fec7d1df6,Average spectrums,Averages,Equal-weight mean; sample standard deviation across 3 spectra. All contributors required at each band.,Library average,2026-09-25T15:42:08.734280+00:00,0,53,1293.5,0.3899953593850516,1,,0.13000464061494846,"[{""id"": ""demo-4"", ""name"": ""Terracotta roof""}, {""id"": ""c9996f1cb0a047899d32e5befb70fce6"", ""name"": ""1_coat_gloss_olive_alkyd_coated_aluminum""}, {""id"": ""431b5daa4936421f96ebd1a48053f728"", ""name"": ""new""}]"
c1e3cb6887ed4880ae4eeb6fec7d1df6,Average spectrums,Averages,Equal-weight mean; sample standard deviation across 3 spectra. All contributors required at each band.,Library average,2026-09-25T15:42:08.734280+00:00,0,54,1309.5,0.38999630974596994,1,,0.13000369025403016,"[{""id"": ""demo-4"", ""name"": ""Terracotta roof""}, {""id"": ""c9996f1cb0a047899d32e5befb70fce6"", ""name"": ""1_coat_gloss_olive_alkyd_coated_aluminum""}, {""id"": ""431b5daa4936421f96ebd1a48053f728"", ""name"": ""new""}]"
c1e3cb6887ed4880ae4eeb6fec7d1df6,Average spectrums,Averages,Equal-weight mean; sample standard deviation across 3 spectra. All contributors required at each band.,Library average,2026-09-25T15:42:08.734280+00:00,0,55,1325.5,0.38999705541520924,1,,0.13000294458479078,"[{""id"": ""demo-4"", ""name"": ""Terracotta roof""}, {""id"": ""c9996f1cb0a047899d32e5befb70fce6"", ""name"": ""1_coat_gloss_olive_alkyd_coated_aluminum""}, {""id"": ""431b5daa4936421f96ebd1a48053f728"", ""name"": ""new""}]"
c1e3cb6887ed4880ae4eeb6fec7d1df6,Average spectrums,Averages,Equal-weight mean; sample standard deviation across 3 spectra. All contributors required at each band.,Library average,2026-09-25T15:42:08.734280+00:00,0,56,1469.5,,0,,,"[{""id"": ""demo-4"", ""name"": ""Terracotta roof""}, {""id"": ""c9996f1cb0a047899d32e5befb70fce6"", ""name"": ""1_coat_gloss_olive_alkyd_coated_aluminum""}, {""id"": ""431b5daa4936421f96ebd1a48053f728"", ""name"": ""new""}]"
c1e3cb6887ed4880ae4eeb6fec7d1df6,Average spectrums,Averages,Equal-weight mean; sample standard deviation across 3 spectra. All contributors required at each band.,Library average,2026-09-25T15:42:08.734280+00:00,0,57,1485.5,,0,,,"[{""id"": ""demo-4"", ""name"": ""Terracotta roof""}, {""id"": ""c9996f1cb0a047899d32e5befb70fce6"", ""name"": ""1_coat_gloss_olive_alkyd_coated_aluminum""}, {""id"": ""431b5daa4936421f96ebd1a48053f728"", ""name"": ""new""}]"
c1e3cb6887ed4880ae4eeb6fec7d1df6,Average spectrums,Averages,Equal-weight mean; sample standard deviation across 3 spectra. All contributors required at each band.,Library average,2026-09-25T15:42:08.734280+00:00,0,58,1501.5,,0,,,"[{""id"": ""demo-4"", ""name"": ""Terracotta roof""}, {""id"": ""c9996f1cb0a047899d32e5befb70fce6"", ""name"": ""1_coat_gloss_olive_alkyd_coated_aluminum""}, {""id"": ""431b5daa4936421f96ebd1a48053f728"", ""name"": ""new""}]"
c1e3cb6887ed4880ae4eeb6fec7d1df6,Average spectrums,Averages,Equal-weight mean; sample standard deviation across 3 spectra. All contributors required at each band.,Library average,2026-09-25T15:42:08.734280+00:00,0,59,1517.5,0.38999981046374255,1,,0.1300001895362575,"[{""id"": ""demo-4"", ""name"": ""Terracotta roof""}, {""id"": ""c9996f1cb0a047899d32e5befb70fce6"", ""name"": ""1_coat_gloss_olive_alkyd_coated_aluminum""}, {""id"": ""431b5daa4936421f96ebd1a48053f728"", ""name"": ""new""}]"
c1e3cb6887ed4880ae4eeb6fec7d1df6,Average spectrums,Averages,Equal-weight mean; sample standard deviation across 3 spectra. All contributors required at each band.,Library average,2026-09-25T15:42:08.734280+00:00,0,60,1533.5,0.38999984959658224,1,,0.13000015040341772,"[{""id"": ""demo-4"", ""name"": ""Terracotta roof""}, {""id"": ""c9996f1cb0a047899d32e5befb70fce6"", ""name"": ""1_coat_gloss_olive_alkyd_coated_aluminum""}, {""id"": ""431b5daa4936421f96ebd1a48053f728"", ""name"": ""new""}]"
c1e3cb6887ed4880ae4eeb6fec7d1df6,Average spectrums,Averages,Equal-weight mean; sample standard deviation across 3 spectra. All contributors required at each band.,Library average,2026-09-25T15:42:08.734280+00:00,0,61,1549.5,0.3899998802203582,1,,0.13000011977964177,"[{""id"": ""demo-4"", ""name"": ""Terracotta roof""}, {""id"": ""c9996f1cb0a047899d32e5befb70fce6"", ""name"": ""1_coat_gloss_olive_alkyd_coated_aluminum""}, {""id"": ""431b5daa4936421f96ebd1a48053f728"", ""name"": ""new""}]"
c1e3cb6887ed4880ae4eeb6fec7d1df6,Average spectrums,Averages,Equal-weight mean; sample standard deviation across 3 spectra. All contributors required at each band.,Library average,2026-09-25T15:42:08.734280+00:00,0,62,1565.5,0.3899999047238667,1,,0.13000009527613335,"[{""id"": ""demo-4"", ""name"": ""Terracotta roof""}, {""id"": ""c9996f1cb0a047899d32e5befb70fce6"", ""name"": ""1_coat_gloss_olive_alkyd_coated_aluminum""}, {""id"": ""431b5daa4936421f96ebd1a48053f728"", ""name"": ""new""}]"
c1e3cb6887ed4880ae4eeb6fec7d1df6,Average spectrums,Averages,Equal-weight mean; sample standard deviation across 3 spectra. All contributors required at each band.,Library average,2026-09-25T15:42:08.734280+00:00,0,63,1581.5,0.3899999241839425,1,,0.1300000758160574,"[{""id"": ""demo-4"", ""name"": ""Terracotta roof""}, {""id"": ""c9996f1cb0a047899d32e5befb70fce6"", ""name"": ""1_coat_gloss_olive_alkyd_coated_aluminum""}, {""id"": ""431b5daa4936421f96ebd1a48053f728"", ""name"": ""new""}]"
c1e3cb6887ed4880ae4eeb6fec7d1df6,Average spectrums,Averages,Equal-weight mean; sample standard deviation across 3 spectra. All contributors required at each band.,Library average,2026-09-25T15:42:08.734280+00:00,0,64,1597.5,0.3899999396775191,1,,0.1300000603224809,"[{""id"": ""demo-4"", ""name"": ""Terracotta roof""}, {""id"": ""c9996f1cb0a047899d32e5befb70fce6"", ""name"": ""1_coat_gloss_olive_alkyd_coated_aluminum""}, {""id"": ""431b5daa4936421f96ebd1a48053f728"", ""name"": ""new""}]"
c1e3cb6887ed4880ae4eeb6fec7d1df6,Average spectrums,Averages,Equal-weight mean; sample standard deviation across 3 spectra. All contributors required at each band.,Library average,2026-09-25T15:42:08.734280+00:00,0,65,1613.5,0.3899999520026347,1,,0.1300000479973653,"[{""id"": ""demo-4"", ""name"": ""Terracotta roof""}, {""id"": ""c9996f1cb0a047899d32e5befb70fce6"", ""name"": ""1_coat_gloss_olive_alkyd_coated_aluminum""}, {""id"": ""431b5daa4936421f96ebd1a48053f728"", ""name"": ""new""}]"
c1e3cb6887ed4880ae4eeb6fec7d1df6,Average spectrums,Averages,Equal-weight mean; sample standard deviation across 3 spectra. All contributors required at each band.,Library average,2026-09-25T15:42:08.734280+00:00,0,66,1629.5,0.38999996180993973,1,,0.13000003819006029,"[{""id"": ""demo-4"", ""name"": ""Terracotta roof""}, {""id"": ""c9996f1cb0a047899d32e5befb70fce6"", ""name"": ""1_coat_gloss_olive_alkyd_coated_aluminum""}, {""id"": ""431b5daa4936421f96ebd1a48053f728"", ""name"": ""new""}]"
c1e3cb6887ed4880ae4eeb6fec7d1df6,Average spectrums,Averages,Equal-weight mean; sample standard deviation across 3 spectra. All contributors required at each band.,Library average,2026-09-25T15:42:08.734280+00:00,0,67,1645.5,0.3899999696124759,1,,0.13000003038752406,"[{""id"": ""demo-4"", ""name"": ""Terracotta roof""}, {""id"": ""c9996f1cb0a047899d32e5befb70fce6"", ""name"": ""1_coat_gloss_olive_alkyd_coated_aluminum""}, {""id"": ""431b5daa4936421f96ebd1a48053f728"", ""name"": ""new""}]"
c1e3cb6887ed4880ae4eeb6fec7d1df6,Average spectrums,Averages,Equal-weight mean; sample standard deviation across 3 spectra. All contributors required at each band.,Library average,2026-09-25T15:42:08.734280+00:00,0,68,1661.5,0.38999997581897644,1,,0.13000002418102358,"[{""id"": ""demo-4"", ""name"": ""Terracotta roof""}, {""id"": ""c9996f1cb0a047899d32e5befb70fce6"", ""name"": ""1_coat_gloss_olive_alkyd_coated_aluminum""}, {""id"": ""431b5daa4936421f96ebd1a48053f728"", ""name"": ""new""}]"
c1e3cb6887ed4880ae4eeb6fec7d1df6,Average spectrums,Averages,Equal-weight mean; sample standard deviation across 3 spectra. All contributors required at each band.,Library average,2026-09-25T15:42:08.734280+00:00,0,69,1677.5,0.38999998074812164,1,,0.1300000192518783,"[{""id"": ""demo-4"", ""name"": ""Terracotta roof""}, {""id"": ""c9996f1cb0a047899d32e5befb70fce6"", ""name"": ""1_coat_gloss_olive_alkyd_coated_aluminum""}, {""id"": ""431b5daa4936421f96ebd1a48053f728"", ""name"": ""new""}]"
c1e3cb6887ed4880ae4eeb6fec7d1df6,Average spectrums,Averages,Equal-weight mean; sample standard deviation across 3 spectra. All contributors required at each band.,Library average,2026-09-25T15:42:08.734280+00:00,0,70,1693.5,0.38999998464723135,1,,0.13000001535276867,"[{""id"": ""demo-4"", ""name"": ""Terracotta roof""}, {""id"": ""c9996f1cb0a047899d32e5befb70fce6"", ""name"": ""1_coat_gloss_olive_alkyd_coated_aluminum""}, {""id"": ""431b5daa4936421f96ebd1a48053f728"", ""name"": ""new""}]"
c1e3cb6887ed4880ae4eeb6fec7d1df6,Average spectrums,Averages,Equal-weight mean; sample standard deviation across 3 spectra. All contributors required at each band.,Library average,2026-09-25T15:42:08.734280+00:00,0,71,1709.5,0.38999998763774196,1,,0.13000001236225806,"[{""id"": ""demo-4"", ""name"": ""Terracotta roof""}, {""id"": ""c9996f1cb0a047899d32e5befb70fce6"", ""name"": ""1_coat_gloss_olive_alkyd_coated_aluminum""}, {""id"": ""431b5daa4936421f96ebd1a48053f728"", ""name"": ""new""}]"
c1e3cb6887ed4880ae4eeb6fec7d1df6,Average spectrums,Averages,Equal-weight mean; sample standard deviation across 3 spectra. All contributors required at each band.,Library average,2026-09-25T15:42:08.734280+00:00,0,72,1725.5,0.38999998978050215,1,,0.13000001021949786,"[{""id"": ""demo-4"", ""name"": ""Terracotta roof""}, {""id"": ""c9996f1cb0a047899d32e5befb70fce6"", ""name"": ""1_coat_gloss_olive_alkyd_coated_aluminum""}, {""id"": ""431b5daa4936421f96ebd1a48053f728"", ""name"": ""new""}]"
c1e3cb6887ed4880ae4eeb6fec7d1df6,Average spectrums,Averages,Equal-weight mean; sample standard deviation across 3 spectra. All contributors required at each band.,Library average,2026-09-25T15:42:08.734280+00:00,0,73,1741.5,0.38999999028640503,1,,0.13000000971359502,"[{""id"": ""demo-4"", ""name"": ""Terracotta roof""}, {""id"": ""c9996f1cb0a047899d32e5befb70fce6"", ""name"": ""1_coat_gloss_olive_alkyd_coated_aluminum""}, {""id"": ""431b5daa4936421f96ebd1a48053f728"", ""name"": ""new""}]"
c1e3cb6887ed4880ae4eeb6fec7d1df6,Average spectrums,Averages,Equal-weight mean; sample standard deviation across 3 spectra. All contributors required at each band.,Library average,2026-09-25T15:42:08.734280+00:00,0,74,1757.5,,0,,,"[{""id"": ""demo-4"", ""name"": ""Terracotta roof""}, {""id"": ""c9996f1cb0a047899d32e5befb70fce6"", ""name"": ""1_coat_gloss_olive_alkyd_coated_aluminum""}, {""id"": ""431b5daa4936421f96ebd1a48053f728"", ""name"": ""new""}]"
c1e3cb6887ed4880ae4eeb6fec7d1df6,Average spectrums,Averages,Equal-weight mean; sample standard deviation across 3 spectra. All contributors required at each band.,Library average,2026-09-25T15:42:08.734280+00:00,0,75,1773.5,,0,,,"[{""id"": ""demo-4"", ""name"": ""Terracotta roof""}, {""id"": ""c9996f1cb0a047899d32e5befb70fce6"", ""name"": ""1_coat_gloss_olive_alkyd_coated_aluminum""}, {""id"": ""431b5daa4936421f96ebd1a48053f728"", ""name"": ""new""}]"
c1e3cb6887ed4880ae4eeb6fec7d1df6,Average spectrums,Averages,Equal-weight mean; sample standard deviation across 3 spectra. All contributors required at each band.,Library average,2026-09-25T15:42:08.734280+00:00,0,76,1789.5,,0,,,"[{""id"": ""demo-4"", ""name"": ""Terracotta roof""}, {""id"": ""c9996f1cb0a047899d32e5befb70fce6"", ""name"": ""1_coat_gloss_olive_alkyd_coated_aluminum""}, {""id"": ""431b5daa4936421f96ebd1a48053f728"", ""name"": ""new""}]"
c1e3cb6887ed4880ae4eeb6fec7d1df6,Average spectrums,Averages,Equal-weight mean; sample standard deviation across 3 spectra. All contributors required at each band.,Library average,2026-09-25T15:42:08.734280+00:00,0,77,1981.5,,0,,,"[{""id"": ""demo-4"", ""name"": ""Terracotta roof""}, {""id"": ""c9996f1cb0a047899d32e5befb70fce6"", ""name"": ""1_coat_gloss_olive_alkyd_coated_aluminum""}, {""id"": ""431b5daa4936421f96ebd1a48053f728"", ""name"": ""new""}]"
c1e3cb6887ed4880ae4eeb6fec7d1df6,Average spectrums,Averages,Equal-weight mean; sample standard deviation across 3 spectra. All contributors required at each band.,Library average,2026-09-25T15:42:08.734280+00:00,0,78,1997.5,,0,,,"[{""id"": ""demo-4"", ""name"": ""Terracotta roof""}, {""id"": ""c9996f1cb0a047899d32e5befb70fce6"", ""name"": ""1_coat_gloss_olive_alkyd_coated_aluminum""}, {""id"": ""431b5daa4936421f96ebd1a48053f728"", ""name"": ""new""}]"
c1e3cb6887ed4880ae4eeb6fec7d1df6,Average spectrums,Averages,Equal-weight mean; sample standard deviation across 3 spectra. All contributors required at each band.,Library average,2026-09-25T15:42:08.734280+00:00,0,79,2013.5,,0,,,"[{""id"": ""demo-4"", ""name"": ""Terracotta roof""}, {""id"": ""c9996f1cb0a047899d32e5befb70fce6"", ""name"": ""1_coat_gloss_olive_alkyd_coated_aluminum""}, {""id"": ""431b5daa4936421f96ebd1a48053f728"", ""name"": ""new""}]"
